"Locus","Ploidy","SNPpos","Allele1","Allele2","Probe1","Probe2","Primer"
"NW_022589704.1_100905742",2,25,"C","A","TCTGGCCCTGCAGGG","TCTGGCCATGCAGGG","CAGGACCAGCAAAGGTCTCT"
"NW_022589704.1_101739533",2,30,"C","A","CACCTCCCTGCAGGG","CACCTCCATGCAGGG","GAACCTCCCAGGAGCTTAGAA"
"NW_022589704.1_108315098",2,26,"T","C","CTCCTGGTGCTGTCC","CTCCTGGCGCTGTCC","CAACACTGGTCTGCACTGCT"
"NW_022589704.1_11701220",2,49,"G","T","ACCTGCAGGCCAGGC","ACCTGCATGCCAGGC","TGACTGATACACGCTGCACA"
"NW_022589704.1_18266683",2,34,"C","A","GGATCTCCTGCAGGG","GGATCTCATGCAGGG","CTCCTGAAGTTGGGCCTGTA"
"NW_022589704.1_1877425",2,41,"G","T","GCCTGCAGGTGTCCG","GCCTGCATGTGTCCG","TTCTTCCTAGCGAGCCACCT"
"NW_022589704.1_19122646",2,45,"C","A","GCAGAGCCTGCAGGG","GCAGAGCATGCAGGG","CACTCAAAGGGCTCAGATGC"
"NW_022589704.1_20588599",2,32,"G","T","TCCTGCAGGAGCAGT","TCCTGCATGAGCAGT","CTGTCCATCAACAGCCATGC"
"NW_022589704.1_20632873",2,54,"C","G","CGCCTCCC[C/A]TGCAGG","CGCCTCCG[C/A]TGCAGG","GAAGGAAGGTCAGGAGGGATA"
"NW_022589704.1_20632873",2,55,"C","A","CGCCTCC[C/G]CTGCAGG","CGCCTCC[C/G]ATGCAGG","GAAGGAAGGTCAGGAGGGATA"
"NW_022589704.1_28075658",2,39,"G","T","CCCTGCAGGAGAGAA","CCCTGCATGAGAGAA","CGTCCAACCCTGGTAAAATG"
"NW_022589704.1_2966036",2,68,"C","A","GTTAGTCCTGCAGGG","GTTAGTCATGCAGGG","CTGCAGAGGGCTAGACTTGG"
"NW_022589704.1_3118832",2,30,"T","C","GGAACCATGTGGGCT","GGAACCACGTGGGCT","CGAATCAGCAACAGTTGACC"
"NW_022589704.1_3366857",2,36,"C","A","ACACCCCCTGCAGGT","ACACCCCATGCAGGT","GCTGGTGTGATGACCTAGCA"
"NW_022589704.1_41878027",2,40,"C","A","CTCAGTCCTGCAGGG","CTCAGTCATGCAGGG","CTGATGCACGCAGTGAGATG"
"NW_022589704.1_438587",2,35,"G","T","TCCTGCAGGCTGAAA","TCCTGCATGCTGAAA","TGTTCACTGGAAAAGGTGAGG"
"NW_022589704.1_487864",2,37,"G","T","GCCTGCAGGAGCCCG","GCCTGCATGAGCCCG","TTGCTGTCTTGCTGATCCTC"
"NW_022589704.1_4913137",2,40,"G","T","GCCTGCAGGAGAGCG","GCCTGCATGAGAGCG","TCCTGGAAGTTGTCAGCGTA"
"NW_022589704.1_5933907",2,26,"C","A","AGACGCCCTGCAGGA","AGACGCCATGCAGGA","GGCGTGGGAGGTAACAATAG"
"NW_022589704.1_60174653",2,40,"G","A","TGAGCAAGTGTGTAT","TGAGCAAATGTGTAT","AGGCCCTTCCACCTTTTACA"
"NW_022589704.1_6076434",2,49,"C","T","GCACCTGCGAATGTT","GCACCTGTGAATGTT","AGCAAGCAGTGGTGGTTCTT"
"NW_022589704.1_64758645",2,22,"C","G","TAACCTGCCAGTTAT","TAACCTGGCAGTTAT","GAATGAAGCCTGCATAACCTG"
"NW_022589704.1_6695787",2,48,"C","A","AGCCAGCCTGCAGGG","AGCCAGCATGCAGGG","TAACGCTGGTGACTGTGAGG"
"NW_022589704.1_673829",2,22,"G","C","GCTTACAGAGTCCAG","GCTTACACAGTCCAG","CCAAGCTGCTCTACGCTTAC"
"NW_022589704.1_91276337",2,47,"G","A","CTGCCACGCACCACC","CTGCCACACACCACC","ATCTCCCCACCATATGAGCA"
"NW_022589705.1_12542394",2,26,"T","A","AGAGTTTTAAAGCCA","AGAGTTTAAAAGCCA","GCCCTGATACAAGAATGCAGA"
"NW_022589705.1_1842079",2,23,"C","A","CTACCTCCTGCAGGT","CTACCTCATGCAGGT","CGTCCAGCAAGTGTCCTACC"
"NW_022589705.1_24065733",2,24,"C","A","GTATGCCCTGCAGGA","GTATGCCATGCAGGA","GTGGGTGAGACAGGGCGTAT"
"NW_022589705.1_27455574",2,49,"C","A","GCCCTCCCTGCAGGA","GCCCTCCATGCAGGA","GTGGTCCAGCGGTGACTTCT"
"NW_022589705.1_3239011",2,33,"G","T","CCCTGCAGGAGAAGG","CCCTGCATGAGAAGG","CAAACCCTGCACAAACTCAA"
"NW_022589705.1_5067662",2,32,"G","T","GCCTGCAGGAAGCTC","GCCTGCATGAAGCTC","AGTTGCTCCAACAGCACCTG"
"NW_022589705.1_51277226",2,44,"T","C","CTTCTCATGTCACCC","CTTCTCACGTCACCC","CACCCATTCCTCTCCCTACA"
"NW_022589705.1_51596801",2,66,"T","C","AGGTTTTTTTGCTTT","AGGTTTTCTTGCTTT","TGGGAAGCTAGTGAACTGTCC"
"NW_022589705.1_51924496",2,48,"T","G","CTTCAAATCCCCTGG","CTTCAAAGCCCCTGG","CCTATGGCGCTTCATACCTT"
"NW_022589705.1_56045331",2,35,"C","A","AGCCCACCTGCAGGC","AGCCCACATGCAGGC","CTTGGGGGCCCACTTACTAT"
"NW_022589705.1_59973302",2,30,"G","T","CCCTGCAGGAGACCG","CCCTGCATGAGACCG","AATGACTTGAGCACCACTGC"
"NW_022589705.1_65371735",2,43,"C","A","GCCCTACCTGCAGGA","GCCCTACATGCAGGA","GCCCTTCCTGCGAGTTTTAT"
"NW_022589705.1_66506672",2,68,"G","T","ACCTGCAGGAGCATC","ACCTGCATGAGCATC","GACAAGAACCCAGACGCATT"
"NW_022589705.1_69337017",2,56,"G","T","CCCTGCAGGGTTACC","CCCTGCATGGTTACC","TTCCCACTTCAGACAGTTCG"
"NW_022589705.1_69703236",2,53,"G","T","CCCTGCAGGAGCTCC","CCCTGCATGAGCTCC","ACACTCCCGAGCCAACATCT"
"NW_022589705.1_71119613",2,58,"G","T","TCCTGCAGGCGCATA","TCCTGCATGCGCATA","GGCCCTTCCGATACAAGTTT"
"NW_022589705.1_72225394",2,51,"G","T","ACCTGCAGGCCGCAG","ACCTGCATGCCGCAG","TTGCAAAGGGCCTCATATTC"
"NW_022589705.1_7239047",2,32,"C","A","CAAAAACCTGCAGGG","CAAAAACATGCAGGG","ACACTATCGTCCCCATTCCA"
"NW_022589705.1_76869642",2,30,"G","T","TCCTGCAGGTCATGG","TCCTGCATGTCATGG","CAAGTGTGAGGACTGCATGG"
"NW_022589705.1_77330946",2,33,"G","T","CCCTGCAGGAGGGAG","CCCTGCATGAGGGAG","ATTTCCTACCGCATGCTTTG"
"NW_022589705.1_77398279",2,52,"T","C","AATTAACTGCCCCAG","AATTAACCGCCCCAG","AGTGAAGGTGAGTCCCAAGG"
"NW_022589705.1_83098873",2,38,"A","G","GGAAGGGAGGAGGCT","GGAAGGGGGGAGGCT","CAACGAAGGACAAGACGTAGC"
"NW_022589705.1_83899690",2,42,"C","A","AAGGTGCCTGCAGGG","AAGGTGCATGCAGGG","AAAGGCTGTGTGCCTCTCTC"
"NW_022589705.1_84272029",2,27,"C","T","AACGTCCCGATATGA","AACGTCCTGATATGA","CACCTCTGCCATGTGCTAAA"
"NW_022589705.1_88495848",2,54,"A","T","AGAAAAGACTATCAA","AGAAAAGTCTATCAA","GCCAGTGGCTTTAAGACAGG"
"NW_022589705.1_88747631",2,39,"G","T","GCCTGCAGGAGCGCC","GCCTGCATGAGCGCC","TAGTAGGTCACCCCCTGCTC"
"NW_022589705.1_89907110",2,35,"C","A","CAGTCACCTGCAGGA","CAGTCACATGCAGGA","CCGGGACTACTGGTGGTTAG"
"NW_022589705.1_90305767",2,24,"C","A","CTCAGTCCTGCAGGT","CTCAGTCATGCAGGT","GGAATCTGTAGGCCAGCTCA"
"NW_022589705.1_91137169",2,28,"T","C","CCTTTCTTAGCAGCC","CCTTTCTCAGCAGCC","AGGATGCCCTCCAAGATGAT"
"NW_022589705.1_92896084",2,28,"G","A","TAGCGCCGTCC[C/A]TGC","TAGCGCCATCC[C/A]TGC","GATCATTCGCATTCAGTCCA"
"NW_022589705.1_92896084",2,32,"C","A","TAGCGCC[G/A]TCCCTGC","TAGCGCC[G/A]TCCATGC","GATCATTCGCATTCAGTCCA"
"NW_022589705.1_94406315",2,50,"C","A","GGTGGGCCTGCAGGC","GGTGGGCATGCAGGC","TGGGGTGGACATTGTAGTGG"
"NW_022589705.1_95115664",2,27,"G","T","TCCTGCAGGGGGAGC","TCCTGCATGGGGAGC","CGTCACATCCAGCCTTCTCT"
"NW_022589705.1_96109252",2,55,"G","A","CAAACGGGATCTCCA","CAAACGGAATCTCCA","GTGTCGGAACTTCACTGCTG"
"NW_022589705.1_97387384",2,29,"C","T","CTGGCTGCTGGAGGA","CTGGCTGTTGGAGGA","TTGTCTTTGTTACGGCCACA"
"NW_022589705.1_97444246",2,25,"C","T","TTGGCATCTGTATGG","TTGGCATTTGTATGG","GTCTCGCAGTGAGGATGTTG"
"NW_022589705.1_98029913",2,66,"C","A","CTGACACCTGCAGGC","CTGACACATGCAGGC","GCAGAGCTGGTGTGTCTCAG"
"NW_022589705.1_98687240",2,24,"G","T","ACCTGCAGGCTGGGA","ACCTGCATGCTGGGA","GTCGTGAGAGGCATGGACCT"
"NW_022589705.1_99535569",2,25,"G","A","GAGGCAGGACCTCCA","GAGGCAGAACCTCCA","AAGGGCCTTAAGCTGCAGAG"
"NW_022589706.1_1942058",2,52,"G","T","CCCTGCAGGTGTGCT","CCCTGCATGTGTGCT","TCCCCTGCTGTTTCAGTACC"
"NW_022589706.1_23005921",2,44,"T","A","TCTTCATTTTTTTTT","TCTTCATATTTTTTT","CCATGGTGCCAAAACTTCAT"
"NW_022589706.1_39226244",2,38,"C","A","TGAACCCCTGCAGGT","TGAACCCATGCAGGT","GTTGGCTGGGAGCTTCAGTA"
"NW_022589706.1_625859",2,48,"G","T","ACCTGCAGGGAGATA","ACCTGCATGGAGATA","GGCTCTGTGCATTCAAAGCTA"
"NW_022589706.1_6582782",2,43,"C","A","AGACCACCTGCAGGA","AGACCACATGCAGGA","CTGCCTCTCCGTTGTTGACT"
"NW_022589707.1_1113941",2,52,"C","A","TTATCACCTGCAGGA","TTATCACATGCAGGA","GCCGTAGCCTTTCATCGTAG"
"NW_022589707.1_137364",2,33,"T","A","CCAGGGCTAGAATAT","CCAGGGCAAGAATAT","GGGAGCGAGAGCTCAAAGTA"
"NW_022589707.1_15280761",2,39,"G","T","TCCTGCAGGTGGGGG","TCCTGCATGTGGGGG","CTGAAAGAAGTTCTGTTGGAGGA"
"NW_022589707.1_17122330",2,25,"G","T","TCCTGCAGGAGTCCT","TCCTGCATGAGTCCT","AAAGAGGTTGGCAATATTCCTG"
"NW_022589707.1_24846362",2,36,"G","T","TCCTGCAGGCCCACT","TCCTGCATGCCCACT","TGATCAACAGTGTATTTGCTCCA"
"NW_022589707.1_38319231",2,64,"G","T","ACCTGCAGGCCCTTC","ACCTGCATGCCCTTC","AGGACCAGAACAGGGAGTGA"
"NW_022589707.1_7118002",2,40,"G","T","CCCTGCAGGCAAAGC","CCCTGCATGCAAAGC","TTTCCAACTTATCTTTTGACTCAGG"
"NW_022589708.1_1079174",2,50,"C","A","ATTATTCCTGCAGGA","ATTATTCATGCAGGA","AGCCGGACAAGTTCAAGTGT"
"NW_022589708.1_12600666",2,30,"G","T","ACCTGCAGGCAGCGC","ACCTGCATGCAGCGC","GCTCCCTTTAGCTCGGTCTG"
"NW_022589708.1_1683642",2,22,"C","A","CTGGACCCTGCAGGC","CTGGACCATGCAGGC","ATGACAAGCGGACTCTGGAC"
"NW_022589708.1_1891523",2,38,"C","A","CAGAGACCTGCAGGT","CAGAGACATGCAGGT","AAGGGTCAACGTGATAAGACA"
"NW_022589708.1_3195046",2,53,"C","A","GGGTCACCTGCAGGC","GGGTCACATGCAGGC","CCTAGGTGCTGTTTGGCTGT"
"NW_022589708.1_3206757",2,26,"G","T","ACCTGCAGGACCCCG","ACCTGCATGACCCCG","AGTCCAGGATCCGAGCTGAC"
"NW_022589708.1_3323222",2,47,"C","A","CAACCACCTGCAGGC","CAACCACATGCAGGC","TTCATGTGGCTTTACCGTTG"
"NW_022589708.1_51041191",2,55,"G","T","CCCTGCAGGAGAGAG","CCCTGCATGAGAGAG","AGAACTCTCCGCTCCCTGTT"
"NW_022589708.1_544044",2,23,"G","T","ACCTGCAGGTCCACC","ACCTGCATGTCCACC","TCATCTCTGGGGCTAACCTG"
"NW_022589708.1_54919705",2,44,"G","C","CGGTTTGGGATTTTT","CGGTTTGCGATTTTT","GCATTTTTGCTTCCTAAATGCT"
"NW_022589708.1_641953",2,51,"C","A","AGTCTCCCTGCAGGG","AGTCTCCATGCAGGG","AGACGCTGCCTACTGCTTTC"
"NW_022589708.1_671602",2,30,"T","G","GCGGGGATGGACACC","GCGGGGAGGGACACC","ACACCTATGGGGACAGATGC"
"NW_022589708.1_70281874",2,24,"A","C","GGTCCGCAGCTCGGG","GGTCCGCCGCTCGGG","GCTAAGGGTGAATGCAGGTC"
"NW_022589708.1_71728948",2,30,"C","A","GGCAAGCCTGCAGGG","GGCAAGCATGCAGGG","TGAAGAATTTTCCCAGCCTAAA"
"NW_022589708.1_73525171",2,37,"C","A","CCTCATCCTGCAGGC","CCTCATCATGCAGGC","TGGGTCACAATCTGGAACAA"
"NW_022589708.1_749266",2,42,"C","A","ATGGCACCTGCAGGC","ATGGCACATGCAGGC","CTTACCGGCCGTACAGAAAC"
"NW_022589708.1_7682586",2,45,"G","T","CCCTGCAGGAGACAC","CCCTGCATGAGACAC","CGCTGAACGTTAACCTGACTC"
"NW_022589709.1_13032317",2,46,"G","T","GCCTGCAGGCTGCTG","GCCTGCATGCTGCTG","GGCCTTCTGCTCTAGTCTGC"
"NW_022589709.1_16921467",2,30,"C","A","CATCCCCCTGCAGGC","CATCCCCATGCAGGC","CCCCTTGATAATAGGGCACA"
"NW_022589709.1_72844646",2,26,"C","T","ACGGATGCGGATTAC","ACGGATGTGGATTAC","GGTTGTCATGGGTCCTGAAC"
"NW_022589720.1_8395735",2,44,"C","G","ACAGGGGCG[T/G]GGGGA","ACAGGGGGG[T/G]GGGGA","GAGCCAGGGACAAAGGTGAG"
"NW_022589720.1_8395735",2,46,"T","G","ACAGGGG[C/G]GTGGGGA","ACAGGGG[C/G]GGGGGGA","GAGCCAGGGACAAAGGTGAG"
"NW_022589721.1_34779143",2,60,"A","T","GAGGGGGAGG[T/G]GGGG","GAGGGGGTGG[T/G]GGGG","ATATGTGCAGGTGAGCAAGC"
"NW_022589721.1_34779143",2,63,"T","G","GAGGGGG[A/T]GGTGGGG","GAGGGGG[A/T]GGGGGGG","ATATGTGCAGGTGAGCAAGC"
"NW_022589722.1_32800850",2,28,"C","T","AAGGGCTCT[T/C]ATCTA","AAGGGCTTT[T/C]ATCTA","CCTCACTGGGTTCTGGGTTT"
"NW_022589722.1_32800850",2,30,"T","C","AAGGGCT[C/T]TTATCTA","AAGGGCT[C/T]TCATCTA","CCTCACTGGGTTCTGGGTTT"
"NW_022589722.1_34659502",2,25,"C","T","CAACTGAC[A/G]AGACAT","CAACTGAT[A/G]AGACAT","GGAAGAGGAGAGGACCACAA"
"NW_022589722.1_34659502",2,26,"A","G","CAACTGA[C/T]AAGACAT","CAACTGA[C/T]GAGACAT","GGAAGAGGAGAGGACCACAA"
"NW_022589730.1_20146925",2,50,"C","T","TGTACTACGGCCGTC","TGTACTATGGCCGTC","TCCATCCAGCGAAAGTTTTT"
"NW_022589730.1_25077347",2,52,"C","A","ACCTCCCCTGCAGGC","ACCTCCCATGCAGGC","AGAAGCCAGTGCTCTGGAAG"
"NW_022589730.1_25893997",2,39,"C","A","AGGGTACCTGCAGGG","AGGGTACATGCAGGG","TGGTCTAGTGGACAAGGGTTG"
"NW_022589731.1_10317109",2,53,"G","T","GCCTGCAGGGTAAGT","GCCTGCATGGTAAGT","GGCACATCAGTGGGGAGTTA"
"NW_022589731.1_10917270",2,38,"C","A","ACCTGTCCTGCAGGT","ACCTGTCATGCAGGT","TCAACCAGGAAGCAGGAACT"
"NW_022589731.1_13732128",2,47,"G","T","GCCTGCAGGATCCAG","GCCTGCATGATCCAG","AAAACAGCAGAACAAATGCTCA"
"NW_022589731.1_17127014",2,37,"G","T","GCCTGCAGGGACCGG","GCCTGCATGGACCGG","CCGACTTTGAGGTTGAATGC"
"NW_022589731.1_19396933",2,63,"G","A","TCTCGCCGTACTTTC","TCTCGCCATACTTTC","GAACACAGCGAATTCAAGCA"
"NW_022589731.1_19501024",2,54,"T","C","TCTACTGTGGGTTAG","TCTACTGCGGGTTAG","AACCACACACAGCATTGTCC"
"NW_022589731.1_19779680",2,31,"G","T","GAACTGTGCTGGCAG","GAACTGTTCTGGCAG","GGGCCCTTCTAAGGATGTTG"
"NW_022589731.1_19895809",2,66,"G","T","CCCTGCAGGAGCGCT","CCCTGCATGAGCGCT","CCACCAGCTTGCTAAACACC"
"NW_022589731.1_20902073",2,62,"T","C","GACAAGATGAGGAGT","GACAAGACGAGGAGT","CCAGTGAAGCTCCCTAGCAC"
"NW_022589731.1_22009928",2,47,"G","T","ACCTGCAGGAAAAAA","ACCTGCATGAAAAAA","CATCTGATTCTGAATGCTTCCTT"
"NW_022589731.1_22151692",2,43,"C","A","TTGTTACCTGCAGGG","TTGTTACATGCAGGG","GCAGGCTCTGGAGAAGTGTC"
"NW_022589731.1_23871887",2,51,"G","T","CCCTGCAGGCTGGCT","CCCTGCATGCTGGCT","CAGCCTGTTTGTAAAATGACCA"
"NW_022589731.1_25881771",2,55,"T","C","CCTGACTTC[T/C]TTCAG","CCTGACTCC[T/C]TTCAG","AGGGAACACTCAAGGTGACG"
"NW_022589731.1_25881771",2,57,"T","C","CCTGACT[T/C]CTTTCAG","CCTGACT[T/C]CCTTCAG","AGGGAACACTCAAGGTGACG"
"NW_022589731.1_25908441",2,26,"G","T","ACCTGCAGGGTCCAT","ACCTGCATGGTCCAT","CCCAGACAGCACTCCTCAAC"
"NW_022589731.1_26249149",2,31,"G","T","GCCTGCAGGAGAGGG","GCCTGCATGAGAGGG","TGACTGTTCACGTTATTCAATGC"
"NW_022589731.1_2645774",2,30,"G","T","GGAGCATGGGGATTC","GGAGCATTGGGATTC","TCTTTGGTCAAGGGATACGC"
"NW_022589731.1_2797979",2,31,"T","C","GGTACTCTGGAGAAG","GGTACTCCGGAGAAG","GGACCTACCGAATTCCTTCC"
"NW_022589731.1_397611",2,32,"A","G","AGAGCCCAGAAGGTT","AGAGCCCGGAAGGTT","GCAGAGTGCAACTCCAGCTT"
"NW_022589732.1_10888700",2,25,"C","T","TTCAGGCCGGGTGCT","TTCAGGCTGGGTGCT","TGCCTCTGGGACTGAGATTC"
"NW_022589732.1_12574269",2,31,"A","C","GCCACCGACCAGGCC","GCCACCGCCCAGGCC","CCAGCTACCTGATGAACGTG"
"NW_022589732.1_17482109",2,27,"G","T","TCCTGCAGGGCCATG","TCCTGCATGGCCATG","GTGAATTGTCCCCTGGGATT"
"NW_022589732.1_19466570",2,46,"G","T","ACCTGCAGGCACTGG","ACCTGCATGCACTGG","GGTGTCAGAATTCAGTGAAGCA"
"NW_022589732.1_24361060",2,43,"G","T","CCCTGCAGGAGGGGT","CCCTGCATGAGGGGT","CCGTGACTGCAATGACCAGT"
"NW_022589732.1_24900096",2,68,"C","A","CTCAGCCCTGCAGGG","CTCAGCCATGCAGGG","GTCACCGCAGTGTGGAGATG"
"NW_022589732.1_24900246",2,47,"A","C","GGGAAGCACCCAACC","GGGAAGCCCCCAACC","GAGTCCAAATACACATGTTGCTG"
"NW_022589732.1_4664273",2,26,"T","C","ATGCCTCT[T/C]TATTGC","ATGCCTCC[T/C]TATTGC","CAGCCACCACACCTGACTAT"
"NW_022589732.1_4664273",2,27,"T","C","ATGCCTC[T/C]TTATTGC","ATGCCTC[T/C]CTATTGC","CAGCCACCACACCTGACTAT"
"NW_022589733.1_17629153",2,60,"G","T","CCCTGCAGGGCCTTT","CCCTGCATGGCCTTT","ATCAGAGGACAGGACGGTCA"
"NW_022589733.1_21330637",2,40,"G","T","CCCTGCAGGACTTAA","CCCTGCATGACTTAA","ATCTCACACCGTGGCTAGGA"
"NW_022589733.1_21427034",2,43,"G","T","TCCTGCAGGACCGGT","TCCTGCATGACCGGT","CGGAGCTTGGGATTTAAGGT"
"NW_022589733.1_3521532",2,46,"G","T","GCCTGCAGGCTGGAA","GCCTGCATGCTGGAA","CGGCATGGCTTAGACGTTAG"
"NW_022589733.1_3792488",2,38,"C","A","AATAAGCCTGCAGGG","AATAAGCATGCAGGG","GACTGGAGCCCGCTCTTTAG"
"NW_022589733.1_7187181",2,40,"A","G","AAAGCTCACTCCTGC","AAAGCTCGCTCCTGC","CCTCCTAAGAGGGGACTCCA"
"NW_022589733.1_7207298",2,24,"G","T","TCCTGCAGGCCTCCT","TCCTGCATGCCTCCT","ATACCAGGCCTCACCTTCCT"
"NW_022589733.1_8962605",2,35,"G","T","GCCTGCAGGGCCTTA","GCCTGCATGGCCTTA","GCTTCTTCAGGCTCTGTCGT"
"NW_022589733.1_9809599",2,45,"A","G","GGAGAACATGTGTGC","GGAGAACGTGTGTGC","ACCCCAATGACTACGTGGAA"
"NW_022589734.1_14693031",2,63,"G","T","CCCTGCAGGGACCGA","CCCTGCATGGACCGA","AATGACTGTGGCATGTGAGC"
"NW_022589734.1_15375521",2,47,"C","A","TTGCTCCCTGCAGGG","TTGCTCCATGCAGGG","ACAGGAGCGCTCAAATCCTA"
"NW_022589734.1_15541025",2,29,"G","T","CCCTGCAGGTTCTTG","CCCTGCATGTTCTTG","GCTAGCCAGTCTCAGCGGTA"
"NW_022589734.1_20980339",2,36,"G","A","TCAGGGGGACTTAGT","TCAGGGGAACTTAGT","TTTAGGGGAAGAGGCTTTGC"
"NW_022589734.1_3873269",2,55,"C","A","GTGATCCCTGCAGGG","GTGATCCATGCAGGG","AGAGATGTCCATCCGAGCAG"
"NW_022589734.1_4183726",2,47,"T","C","TTAGAACTGATAAAA","TTAGAACCGATAAAA","GCTGGAGTGTGTTTTTGTGG"
"NW_022589734.1_6683302",2,32,"G","A","CTCAGAGGCCCTCTT","CTCAGAGACCCTCTT","CACAGACAGCACCCCAGTTG"
"NW_022589734.1_8003055",2,33,"G","T","CCCTGCAGGAGGTGG","CCCTGCATGAGGTGG","GTTGGTAGCCAGCCTCTTCC"
"NW_022589735.1_7722046",2,59,"C","A","AAACCACCTGCAGGG","AAACCACATGCAGGG","TCCGTTCTTGCCAAACCTTA"
"NW_022589736.1_13460239",2,40,"T","G","TAAACATTGCCAGGG","TAAACATGGCCAGGG","GTGGGCCTTCAGTAAGGTTG"
"NW_022589736.1_13525497",2,41,"G","T","CCCTGCAGGCTGGGA","CCCTGCATGCTGGGA","AGCTTTGGGTGTAGGGTTCC"
"NW_022589736.1_15506831",2,45,"G","T","GCCTGCAGGAGACAA","GCCTGCATGAGACAA","TTCCGACAAGACTTGGTCCT"
"NW_022589736.1_15557809",2,37,"C","A","CCTCTCCCTGCAGGA","CCTCTCCATGCAGGA","AAACGCTCCCTTCAAAGTCC"
"NW_022589736.1_15850366",2,33,"G","T","GCCTGCAGGCCCCAT","GCCTGCATGCCCCAT","ACCTGGAACAGCATGACCTC"
"NW_022589736.1_1587093",2,53,"G","C","CATGCTGGGAACACA","CATGCTGCGAACACA","TGGTTAATGTATTGCCCACAA"
"NW_022589736.1_1947303",2,27,"G","T","CCCTGCAGGCAGGAG","CCCTGCATGCAGGAG","TAGCTCCGGTCTTTGAGAGC"
"NW_022589736.1_2621747",2,45,"C","A","CAGAGACCTGCAGGC","CAGAGACATGCAGGC","TGGAGAATTTGGCAGTCAGC"
"NW_022589736.1_294866",2,58,"C","T","TGCCACTCC[A/C]ATTTT","TGCCACTTC[A/C]ATTTT","AAGGAAGCCAGGGTCTGAAT"
"NW_022589736.1_294866",2,60,"A","C","TGCCACT[C/T]CAATTTT","TGCCACT[C/T]CCATTTT","AAGGAAGCCAGGGTCTGAAT"
"NW_022589736.1_3229973",2,29,"C","A","CAGGGTCCTGCAGGG","CAGGGTCATGCAGGG","CACACCCAGAAGAAGGGAAC"
"NW_022589736.1_5127472",2,26,"T","C","ACCCACCTGTCCCAG","ACCCACCCGTCCCAG","ACTGCCTGTCTTTGCTCGAC"
"NW_022589736.1_5127607",2,51,"G","T","GCCTGCAGGAGAGCC","GCCTGCATGAGAGCC","GTCCGTATGCTTTCCTCTGG"
"NW_022589736.1_8679220",2,49,"G","T","TCCTGCAGGGCCAGC","TCCTGCATGGCCAGC","CAACTCCTGGGACTCCTTTG"
"NW_022589737.1_1089531",2,23,"C","T","CCAGCACCGACTTTT","CCAGCACTGACTTTT","GATTCAGATTAGTGCCCAGCA"
"NW_022589737.1_4419568",2,35,"G","A","GATGATCGGGCCGGG","GATGATCAGGCCGGG","AGGAGCACTCACTGGTAGCC"
"NW_022589737.1_8177453",2,36,"C","G","GCAGACTCTTTTTCC","GCAGACTGTTTTTCC","CCTTTCGACAATGTGTGCAT"
"NW_022589738.1_13220200",2,42,"C","A","AATGTCCCTGCAGGA","AATGTCCATGCAGGA","GAATGTGAGCATTTATTTCTCTGC"
"NW_022589739.1_15498336",2,38,"G","T","TCCTGCAGGGCTGCG","TCCTGCATGGCTGCG","AGAAGCCCTCTCCCAGAGAT"
"NW_022589739.1_17780491",2,36,"G","T","TCCTGCAGGTGGCTG","TCCTGCATGTGGCTG","CACCCAGTCCAGAGTCAGGT"
"NW_022589739.1_2621710",2,41,"C","A","GCTTTGCCTGCAGGA","GCTTTGCATGCAGGA","CGTCACTCTGTGCATCTTCC"
"NW_022589740.1_11082731",2,51,"C","A","TGTTTCCCTGCAGGG","TGTTTCCATGCAGGG","AACAAGCGCTGTTGATTCCT"
"NW_022589740.1_16082353",2,56,"C","A","TGGTTACCTGCAGGC","TGGTTACATGCAGGC","CGCTTATTTTAGTTAGGGGTAGTTT"
"NW_022589740.1_2571199",2,61,"T","C","CATTGGCTG[C/G]ACTCT","CATTGGCCG[C/G]ACTCT","ACCACACATGCAGTCTCTCG"
"NW_022589740.1_2571199",2,63,"C","G","CATTGGC[T/C]GCACTCT","CATTGGC[T/C]GGACTCT","ACCACACATGCAGTCTCTCG"
"NW_022589740.1_7910098",2,66,"T","C","GGTGCACTGGCTCAG","GGTGCACCGGCTCAG","ACACGAATGATGCTGTGAGC"
"NW_022589740.1_9460909",2,62,"G","T","GCCTGCAGGAGGCTC","GCCTGCATGAGGCTC","GTAGGTGCTGGGCACAGTCT"
"NW_022589741.1_1077334",2,41,"T","C","TGTTCCATAGAATGA","TGTTCCACAGAATGA","CTTGGGCTTTTCCAGCATAG"
"NW_022589741.1_13038609",2,49,"C","A","GCCTCCCCTGCAGGC","GCCTCCCATGCAGGC","CCTCTGGCAATCTCGTCTCC"
"NW_022589741.1_13084046",2,34,"C","A","AGAAGGCCTGCAGGT","AGAAGGCATGCAGGT","CTGGGGTTTCTAGGCTGACA"
"NW_022589741.1_13535581",2,44,"C","A","CCCACCCCTGCAGGA","CCCACCCATGCAGGA","GAGTCCAGGCCGACAACACT"
"NW_022589741.1_15477758",2,64,"G","T","ACCTGCAGGGGTCAG","ACCTGCATGGGTCAG","GCAGCCCAGTTACCTTCCTA"
"NW_022589741.1_16624898",2,26,"T","C","CAGAGCCTCTT[T/C]GCT","CAGAGCCCCTT[T/C]GCT","GACCTGCAGGGCACAGTACA"
"NW_022589741.1_16624898",2,30,"T","C","CAGAGCC[T/C]CTTTGCT","CAGAGCC[T/C]CTTCGCT","GACCTGCAGGGCACAGTACA"
"NW_022589741.1_17469120",2,39,"C","A","GATTGCCCTGCAGGT","GATTGCCATGCAGGT","GCATCTGGGTTCTTCAGGAG"
"NW_022589741.1_7177375",2,63,"G","T","ACCTGCAGGTGTCTT","ACCTGCATGTGTCTT","TCATGGGGTGTATTTTGTGTG"
"NW_022589741.1_944103",2,38,"C","A","CTTCAGCCTGCAGGC","CTTCAGCATGCAGGC","GTGACAGGACCATAGCAGCA"
"NW_022589743.1_11245371",2,61,"C","A","GGCGATCCTGCAGGT","GGCGATCATGCAGGT","AGGCCTAGCCACTACTGCAA"
"NW_022589743.1_19273934",2,29,"T","G","CGGGGAGTGG[C/G]GGGG","CGGGGAGGGG[C/G]GGGG","GTGGCTGAAGCTTGAAGAGC"
"NW_022589743.1_19273934",2,32,"C","G","CGGGGAG[T/G]GGCGGGG","CGGGGAG[T/G]GGGGGGG","GTGGCTGAAGCTTGAAGAGC"
"NW_022589743.1_19554344",2,32,"G","T","TCCTGCAGGCCAGCT","TCCTGCATGCCAGCT","GGGTCCTGGGTAACCTTCTC"
"NW_022589743.1_23776205",2,43,"C","A","CAGGGCTC[C/A]CTGACT","CAGGGCTA[C/A]CTGACT","CCCACATATGCCACCTCTTT"
"NW_022589743.1_23776205",2,44,"C","A","CAGGGCT[C/A]CCTGACT","CAGGGCT[C/A]ACTGACT","CCCACATATGCCACCTCTTT"
"NW_022589743.1_23776974",2,31,"C","A","AGGGAGCCTGCAGGT","AGGGAGCATGCAGGT","CACCAGGATCCCAGATTGTC"
"NW_022589743.1_23961772",2,50,"G","T","GCCTGCAGGGAATGC","GCCTGCATGGAATGC","AGGGCACTCTCCATGGTTAC"
"NW_022589743.1_24207532",2,34,"C","A","TAAGTCCCTGCAGGA","TAAGTCCATGCAGGA","AAGCTGAGTTATGAAGGCGAAG"
"NW_022589743.1_3281835",2,25,"T","C","GACCAGGTGCTGATT","GACCAGGCGCTGATT","TGGTAGGCCCACTCTGAGAC"
"NW_022589743.1_4363316",2,27,"T","C","GGAGTTGTGGGGGGC","GGAGTTGCGGGGGGC","GAATTTTCCGAACCCTGGAG"
"NW_022589743.1_4924941",2,27,"G","T","GCCTGCAGGACCTGG","GCCTGCATGACCTGG","AGGGTTAGGGGAGCCAAGTG"
"NW_022589743.1_4954847",2,23,"G","T","TCCTGCAGGGGAGGG","TCCTGCATGGGAGGG","CATGGGGTACAGCTTTCCTG"
"NW_022589744.1_10484174",2,38,"T","C","AGCACTCTGCGACCA","AGCACTCCGCGACCA","CTGGGGACACCAGGAACTGT"
"NW_022589744.1_11788373",2,58,"G","T","CCCTGCAGGGACCTC","CCCTGCATGGACCTC","CATGCTGAGCTAGGTGCTTG"
"NW_022589744.1_12308316",2,51,"A","C","CCTTCCTAGGAGCGT","CCTTCCTCGGAGCGT","AGAGTGCCGAGCTCCCTTAG"
"NW_022589744.1_13184309",2,50,"G","A","GGTAAGCGTGTGGAC","GGTAAGCATGTGGAC","CTCTCGGGCGGTTAACTTCT"
"NW_022589744.1_15024278",2,42,"G","T","ACCTGCAGGAGGAGG","ACCTGCATGAGGAGG","CCAGAAGAGTGTGGTCCACTG"
"NW_022589744.1_15294223",2,44,"C","T","CAGCTGACGCTGTAG","CAGCTGATGCTGTAG","GGCTGCCTTGTGAGTCTTTC"
"NW_022589744.1_16029119",2,28,"G","T","CCCTGCAGGGTAGGG","CCCTGCATGGTAGGG","CTCTTTGAGGGAGGCAGGTC"
"NW_022589744.1_16669616",2,27,"G","T","CCCTGCAGGAGACGC","CCCTGCATGAGACGC","GTGACCTCGCTGATGCTTTC"
"NW_022589744.1_16707647",2,44,"C","A","AAGGAGCCTGCAGGC","AAGGAGCATGCAGGC","TTGGCTTGCCAGAGATTAGAA"
"NW_022589744.1_2635511",2,47,"G","T","CCCTGCAGGAGGCTA","CCCTGCATGAGGCTA","TGATGAACGGACAGTTCCAG"
"NW_022589744.1_3223339",2,46,"T","C","TATGCTGTTGATCTT","TATGCTGCTGATCTT","TCAGGGATTTTCCATACAGTTC"
"NW_022589744.1_4554402",2,65,"C","A","GACGCCCCTGCAGGT","GACGCCCATGCAGGT","AGATGGACATTCCGAGACCA"
"NW_022589744.1_9417594",2,55,"C","T","CTCGCTACGCTCTTT","CTCGCTATGCTCTTT","CAACATTTCTAGACTTGGCACCT"
"NW_022589745.1_11211840",2,53,"T","C","CTGTCACTCATGTGC","CTGTCACCCATGTGC","TGGAGTCCAAAGCAATTTCA"
"NW_022589745.1_14837244",2,34,"G","A","CCCCGACGGTTCTTT","CCCCGACAGTTCTTT","TTCTTGGTCTCAGCACGATG"
"NW_022589745.1_1566175",2,39,"A","G","GCCTGACAAATCTGA","GCCTGACGAATCTGA","CACAGGCTTTCAGTTTGTCG"
"NW_022589745.1_3441333",2,25,"C","A","GGTAAACCTGCAGGT","GGTAAACATGCAGGT","CCAGGACTAGCAGCGTAGGT"
"NW_022589745.1_3781310",2,45,"G","T","TCCTGCAGGCTTTTT","TCCTGCATGCTTTTT","ACTCTAGCCTGGGCTGTTCC"
"NW_022589745.1_4083510",2,45,"C","A","TGGTGACCTGCAGGT","TGGTGACATGCAGGT","ACATCCCCATTTTTGGGAAC"
"NW_022589745.1_4860934",2,23,"G","T","ACCTGCAGGAGCGTC","ACCTGCATGAGCGTC","TAGGGCACTATCCCAACCTG"
"NW_022589745.1_6044874",2,53,"C","A","TCCATCCCTGCAGGA","TCCATCCATGCAGGA","CCTGGATGTATGGGGAGATG"
"NW_022589745.1_6520126",2,52,"G","T","TCCTGCAGGGGAGAC","TCCTGCATGGGAGAC","GTGGCTGTCCTACCTTCTGC"
"NW_022589745.1_6750030",2,30,"A","C","CTGCCTTACACCCCC","CTGCCTTCCACCCCC","GGGCCCATCTGTGTTTACTG"
"NW_022589745.1_7346052",2,57,"C","A","GCCTCCCCTGCAGGG","GCCTCCCATGCAGGG","CTAGCTGCCTGTGTGTGGTG"
"NW_022589745.1_7649419",2,56,"G","T","CCCTGCAGGAGCCCC","CCCTGCATGAGCCCC","TGGACTTTGCAGAAACGGTTA"
"NW_022589746.1_10271194",2,22,"C","A","TCAAGCCCTGCAGGC","TCAAGCCATGCAGGC","TGTCCCATTGATGTTCAAGC"
"NW_022589746.1_11682458",2,37,"G","T","ACCTGCAGGTCTCCA","ACCTGCATGTCTCCA","GCCCGTCATTCCACCTTATT"
"NW_022589746.1_13498689",2,51,"C","A","ACCTAACCTGCAGGG","ACCTAACATGCAGGG","CCTTTTAGCCTCGTCCCTTT"
"NW_022589746.1_1643845",2,42,"G","A","CTGCAAGGGGTAGTC","CTGCAAGAGGTAGTC","AGGGTTCCTAGGGTCCTCCT"
"NW_022589746.1_5298650",2,25,"A","C","GTTCTTAATCTAACT","GTTCTTACTCTAACT","GGAGCAGGGAGGCTACAGTT"
"NW_022589746.1_6437824",2,32,"C","T","AGGGCTCCGTGCAAG","AGGGCTCTGTGCAAG","GGAGATTAGGCCCAAGACAG"
"NW_022589747.1_10848065",2,52,"G","T","TCCTGCAGGAGCTCT","TCCTGCATGAGCTCT","AACTCCAAATGAGGGGACCT"
"NW_022589747.1_4092951",2,27,"G","T","CCCTGCAGGAGGGAT","CCCTGCATGAGGGAT","ACGCTGACTGTGGACCAGAC"
"NW_022589747.1_4487519",2,41,"G","T","TCCTGCAGGCGTCTG","TCCTGCATGCGTCTG","GGCAGAGACGAGGTTCTGAG"
"NW_022589748.1_11421537",2,61,"G","T","CCCTGCAGGAGTTTG","CCCTGCATGAGTTTG","GGGGCTTGTACTCACTGTCG"
"NW_022589748.1_11477778",2,35,"G","T","GCCTGCAGGATGAAT","GCCTGCATGATGAAT","CTGGGACACCGCTGATATTC"
"NW_022589748.1_11617207",2,57,"C","A","TACTTCCCTGCAGGT","TACTTCCATGCAGGT","TGACATGAAACTTACAGCCTTTG"
"NW_022589748.1_297042",2,33,"G","T","GCCTGCAGGACTACG","GCCTGCATGACTACG","GCTGACCATTCAAAGGCTGT"
"NW_022589748.1_3433670",2,32,"C","G","CATCTCGCGGCGGAT","CATCTCGGGGCGGAT","CCAGTTGTTTTGCCTTTGCT"
"NW_022589748.1_4098542",2,23,"C","G","CTTCACACGACCCTC","CTTCACAGGACCCTC","GGTATGGCCAGTTTCCTTCA"
"NW_022589748.1_636682",2,56,"T","C","CTGCCTTTCTCTCGA","CTGCCTTCCTCTCGA","GAACACGGAACTGAGGCAAG"
"NW_022589748.1_7775121",2,34,"T","C","CAGAAGATGGAAAGC","CAGAAGACGGAAAGC","GACACAAGGTCATCCTAACAGC"
"NW_022589749.1_10018434",2,29,"C","A","AGGAATCCTGCAGGA","AGGAATCATGCAGGA","CTAGGAGACCCCAGGAGCTG"
"NW_022589749.1_10141398",2,38,"G","T","GCCTGCAGGAGTTGA","GCCTGCATGAGTTGA","GCCAATTCTGCAAAGTCCTC"
"NW_022589749.1_10997494",2,60,"C","G","CTGCTCCC[C/A]TGCAGG","CTGCTCCG[C/A]TGCAGG","AGAGGTGCTGTGAGGAATGG"
"NW_022589749.1_10997494",2,61,"C","A","CTGCTCC[C/G]CTGCAGG","CTGCTCC[C/G]ATGCAGG","AGAGGTGCTGTGAGGAATGG"
"NW_022589749.1_11016883",2,43,"G","T","ACCTGCAGGGGACAC","ACCTGCATGGGACAC","CTGGGTCTGCCAGAGACTTT"
"NW_022589749.1_12684897",2,44,"G","T","CCCTGCAGGCTTTCT","CCCTGCATGCTTTCT","CCTCCCAGACCATCAGCAAC"
"NW_022589749.1_3225142",2,35,"A","C","CTTGCCCAC[A/C]GGCGC","CTTGCCCCC[A/C]GGCGC","TCCAGGGAGAGAAAACAACG"
"NW_022589749.1_3225142",2,37,"A","C","CTTGCCC[A/C]CAGGCGC","CTTGCCC[A/C]CCGGCGC","TCCAGGGAGAGAAAACAACG"
"NW_022589749.1_3462709",2,33,"G","T","CCCTGCAGGGGGCAC","CCCTGCATGGGGCAC","GAGCTACTCTTCCCCGTACC"
"NW_022589749.1_4346801",2,42,"G","A","ATCCCCCGTGAGCTC","ATCCCCCATGAGCTC","GGCTCACTCGAGCTCACTTC"
"NW_022589749.1_9504908",2,36,"G","T","GCCTGCAGGGTCATG","GCCTGCATGGTCATG","AAAGATCTGGGGGATTGTCC"
"NW_022589750.1_1434987",2,37,"A","C","CCCGGGCAGCATCGT","CCCGGGCCGCATCGT","AGCTGGCTGGTAAGCACGTA"
"NW_022589750.1_1975003",2,64,"C","A","GCAGCCCCTGCAGGA","GCAGCCCATGCAGGA","TAAAGGAGCCGAGTCCAAGA"
"NW_022589750.1_1986277",2,23,"C","A","ATTTAGCCTGCAGGT","ATTTAGCATGCAGGT","GCTGGACTTGGCCAGATTTA"
"NW_022589750.1_2890393",2,52,"G","T","ACCTGCAGGAGAGCT","ACCTGCATGAGAGCT","GACGGCCAAAGCTTGGTTAC"
"NW_022589750.1_3113033",2,41,"C","A","TCTGAACCTGCAGGA","TCTGAACATGCAGGA","TCCTTCACCAAAAGGTTTGC"
"NW_022589750.1_3166610",2,27,"G","T","CCCTGCAGGAGTCCC","CCCTGCATGAGTCCC","TGCCCTGAGGTTAACGTTTC"
"NW_022589750.1_565872",2,26,"C","A","CTGCCACCTGCAGGC","CTGCCACATGCAGGC","AGTGGGTATCTGGGGCCTCT"
"NW_022589750.1_802705",2,36,"G","T","CCCTGCAG[G/C]GGAGCT","CCCTGCAT[G/C]GGAGCT","AGTCTGAAAGGACGCAGCAG"
"NW_022589750.1_802705",2,37,"G","C","CCCTGCA[G/T]GGGAGCT","CCCTGCA[G/T]CGGAGCT","AGTCTGAAAGGACGCAGCAG"
"NW_022589750.1_824795",2,53,"C","A","CATCCACCTGCAGGA","CATCCACATGCAGGA","GGCTGCAGAGGACCATGTAA"
"NW_022589750.1_9823611",2,29,"T","C","AAGGACGTGGATCCC","AAGGACGCGGATCCC","ATTCAGCAGGTTGGAACAGG"
"NW_022589751.1_242512",2,38,"C","A","GAGCTTCCTGCAGGA","GAGCTTCATGCAGGA","TCAGCGCACATACCGAGATA"
"NW_022589753.1_11012482",2,22,"T","G","TCCTGAGTGCCCCCG","TCCTGAGGGCCCCCG","CACATGCTGAAGCCTCCTGA"
"NW_022589753.1_1223053",2,66,"A","C","CCCAGGCACCTCGAG","CCCAGGCCCCTCGAG","ACGTGGCTGAATTACTGCTG"
"NW_022589753.1_12378250",2,47,"G","T","CCCTGCAGGGATGTG","CCCTGCATGGATGTG","TCGGAGAGTTTAAGGGCTTG"
"NW_022589753.1_1417388",2,37,"C","T","GGGAGCCCGTGTCCC","GGGAGCCTGTGTCCC","ACAGGGACCAAGACGAGGTT"
"NW_022589753.1_1472731",2,36,"C","A","GCTCGTCCTGCAGGG","GCTCGTCATGCAGGG","TGTCCATGGCCTACGTGTACT"
"NW_022589753.1_2948585",2,40,"C","G","CTCTGGGCACACAAG","CTCTGGGGACACAAG","GCTCTGAGTGTGTCCAGCAG"
"NW_022589753.1_3331699",2,56,"G","T","ACCTGCAGGGAGTCA","ACCTGCATGGAGTCA","AGGACTCCCCTTCCATGACT"
"NW_022589753.1_3472797",2,42,"C","A","CTGCGACCTGCAGGC","CTGCGACATGCAGGC","TCACATCGGCATTAACAACG"
"NW_022589753.1_350677",2,34,"T","C","TCTGGGTTAGAGGGC","TCTGGGTCAGAGGGC","TCCCAAGTTCAGAGAGCTGAG"
"NW_022589753.1_3843443",2,41,"C","A","AGCAAAGCAAAATAA","AGCAAAGAAAAATAA","ACCGGTGGCTGCTAATTCTC"
"NW_022589753.1_664824",2,28,"G","T","CCCTGCAGGAGGGGG","CCCTGCATGAGGGGG","TCGGTGATTCTCCCCTATTG"
"NW_022589753.1_805689",2,45,"T","C","AGGGCCATCCGCAGA","AGGGCCACCCGCAGA","AAATGCCATTCTAATCCCGTTA"
"NW_022589753.1_8625687",2,39,"C","A","CTAGGGCCTGCAGGC","CTAGGGCATGCAGGC","TACCAGCAACCCCTTCAATC"
"NW_022589753.1_9998206",2,40,"C","A","GGCCTGCCTGCAGGA","GGCCTGCATGCAGGA","GGGTACGGTTTCCTCCTCTC"
"NW_022589755.1_10180489",2,35,"G","T","ACCTGCAGGCGCACC","ACCTGCATGCGCACC","GCGACAAGGGTTTCAGCTAC"
"NW_022589755.1_2804894",2,36,"C","A","GTGACCCCTGCAGGT","GTGACCCATGCAGGT","TGACAAAAGTAGGGGCAAGG"
"NW_022589755.1_3812737",2,57,"G","T","CCCTGCAGGC[G/A]TGGG","CCCTGCATGC[G/A]TGGG","TTCCTCTGGGGATGTCTCTG"
"NW_022589755.1_3812737",2,60,"G","A","CCCTGCA[G/T]GCGTGGG","CCCTGCA[G/T]GCATGGG","TTCCTCTGGGGATGTCTCTG"
"NW_022589755.1_424010",2,26,"G","T","ACCTGCAGGGATGTT","ACCTGCATGGATGTT","AAGGTACCCCAGGTTGATACC"
"NW_022589755.1_4686634",2,37,"C","G","ACCACTGCGCACAGG","ACCACTGGGCACAGG","ACACGAGCAAACTGGGCTAA"
"NW_022589755.1_6217694",2,29,"G","T","CCCTGCAGGAGTACA","CCCTGCATGAGTACA","GGGGTGTCTTGACCACAGAG"
"NW_022589755.1_6492043",2,22,"C","T","CTTTACTCGGCTCGA","CTTTACTTGGCTCGA","CACGGCTCTCAGCACTTTACT"
"NW_022589755.1_6666454",2,29,"G","T","GCCTGCAGGCCTCCC","GCCTGCATGCCTCCC","GAACATTCTGGCCGCCTACT"
"NW_022589755.1_7884987",2,22,"C","A","CTTCCTCCTGCAGGT","CTTCCTCATGCAGGT","CCGGCTCTAATGACCTTCCT"
"NW_022589755.1_8568975",2,67,"C","A","TGTCTCCCTGCAGGT","TGTCTCCATGCAGGT","TTTGCATCAGCTTCCATCAG"
"NW_022589755.1_8787738",2,22,"C","A","ATGGTGCCTGCAGGG","ATGGTGCATGCAGGG","CCAGGAGGGTGTAAATGGTG"
"NW_022589755.1_8814203",2,47,"C","A","GGAGGGCCTGCAGGA","GGAGGGCATGCAGGA","TGCTCGGTAATTAGCTGTGG"
"NW_022589755.1_9494880",2,55,"C","G","GGGGCAGCGGGGGCA","GGGGCAGGGGGGGCA","CATCAGGATCGAGTGGGAAG"
"NW_022589756.1_10916645",2,39,"G","T","CCCTGCAGGCAAGTA","CCCTGCATGCAAGTA","TTTCACCCCTATTTTCCACCT"
"NW_022589756.1_1502244",2,36,"G","T","TCCTGCAGGTACATA","TCCTGCATGTACATA","TGGTTGTCTCATTTCTTCTCCA"
"NW_022589756.1_1949776",2,24,"C","A","AAAACACCTGCAGGG","AAAACACATGCAGGG","GGCTAAGCTACGGCAGAAAA"
"NW_022589756.1_2822684",2,49,"G","T","CCCTGCAGGAGGCTG","CCCTGCATGAGGCTG","TAAGAGCCACCATGTGCTGA"
"NW_022589756.1_7700420",2,43,"C","A","CTGCCACCTGCAGGC","CTGCCACATGCAGGC","GACTGGACGGAAGCTGAGAC"
"NW_022589756.1_8772132",2,39,"C","G","TCTTCCCCGCATTCT","TCTTCCCGGCATTCT","ACGTTTGCCTGGTTTTTACG"
"NW_022589756.1_9381734",2,52,"C","T","ACAACGGCGGCCCAC","ACAACGGTGGCCCAC","TTGATGCCTCCTAGACAGTTCA"
"NW_022589756.1_9925247",2,34,"G","T","GCCTGCAGGAGGCCA","GCCTGCATGAGGCCA","GGCATCAAGCTCACTCCTGT"
"NW_022589759.1_3279906",2,38,"G","C","GCCTTTTGGTTTAGG","GCCTTTTCGTTTAGG","AGCCAAGAAGTCTGCCTCAC"
"NW_022589759.1_4926162",2,56,"A","G","CAGTGGCAATGTGGG","CAGTGGCGATGTGGG","CGGTGATGCTCCTGTATGCTA"
"NW_022589759.1_6538668",2,44,"G","T","GACGACGG[A/T]GATTCC","GACGACGT[A/T]GATTCC","ACAAAGCTCCATGAGGCAAC"
"NW_022589759.1_6538668",2,45,"A","T","GACGACG[G/T]AGATTCC","GACGACG[G/T]TGATTCC","ACAAAGCTCCATGAGGCAAC"
"NW_022589759.1_6859330",2,52,"C","A","TGCTTACCTGCAGGC","TGCTTACATGCAGGC","CTAATGGGAGCCACGTTTTC"
"NW_022589759.1_7204686",2,42,"C","A","TTGCCCCCACGGGGC","TTGCCCCAACGGGGC","AGAGGCATGTTACCCCAGTG"
"NW_022589759.1_8177113",2,23,"C","A","ATCGTTCCTGCAGGT","ATCGTTCATGCAGGT","TGACAGACCCTGCATATCGT"
"NW_022589761.1_1024167",2,32,"C","G","CAGAATCC[C/A]TGCAGG","CAGAATCG[C/A]TGCAGG","AGGCCTCATCCCCTAACATT"
"NW_022589761.1_1024167",2,33,"C","A","CAGAATC[C/G]CTGCAGG","CAGAATC[C/G]ATGCAGG","AGGCCTCATCCCCTAACATT"
"NW_022589761.1_2659244",2,23,"C","A","ACACTGCCTGCAGGT","ACACTGCATGCAGGT","CCAGACAGCACGTCCACACT"
"NW_022589761.1_5512561",2,32,"G","T","CCCTGCAGGCTCCAG","CCCTGCATGCTCCAG","TGCCACTGGGCTAAAGTCTC"
"NW_022589761.1_6055391",2,66,"G","T","CCCTGCAGGAAGAAG","CCCTGCATGAAGAAG","ATGTGAGCCCTCCACTCCAC"
"NW_022589761.1_8608430",2,44,"G","T","CCCTGCAGGGCCGAG","CCCTGCATGGCCGAG","GTCTGCTCTAGCCTCCGAGA"
"NW_022589762.1_1472422",2,35,"T","G","GCAAGGGTGGCCGGC","GCAAGGGGGGCCGGC","CCAATGATTAGAAGGCTACGG"
"NW_022589762.1_1700540",2,24,"G","T","ACCTGCAGGAGGAGA","ACCTGCATGAGGAGA","GGCTCCCATAGTTGGAACCT"
"NW_022589762.1_4139696",2,67,"C","A","CAGAGTCCTGCAGGG","CAGAGTCATGCAGGG","CCGCAACGAATTTACCTGAA"
"NW_022589762.1_6935955",2,29,"G","T","CCCTGCAGGCCTCAC","CCCTGCATGCCTCAC","GAAACATAATCCCACCCTTCC"
"NW_022589763.1_6723384",2,60,"C","A","CATGGCCCTGCAGGC","CATGGCCATGCAGGC","GGCTGTATGTGGGTTGGTTT"
"NW_022589763.1_6747778",2,48,"C","A","CCTGGACCTGCAGGA","CCTGGACATGCAGGA","GGGAGTCTCCAGTGCGTAGA"
"NW_022589764.1_4927379",2,53,"C","A","AAAATTCCTGCAGGC","AAAATTCATGCAGGC","TGGCCAGGCATTACTCTAGG"
"NW_022589764.1_7484423",2,43,"G","T","ACCTGCAGGAGGAGG","ACCTGCATGAGGAGG","GGCCGTAGTGACAGGTGTTT"
"NW_022589766.1_3931876",2,45,"T","C","CCAGCACTGTACACA","CCAGCACCGTACACA","CGTCTTCCCTAGACCCAGTG"
"NW_022589766.1_3943897",2,44,"G","A","CACACGCGTGTGAAG","CACACGCATGTGAAG","CACACACGGATTTACACATGG"
"NW_022589768.1_11378967",2,52,"C","A","TCTGCCCCTGCAGGC","TCTGCCCATGCAGGC","AGCCATGGAAGCCATTGTAG"
"NW_022589768.1_2914243",2,51,"C","T","AGTATTACGTTGTGA","AGTATTATGTTGTGA","CAACCCCATCAAACCTTGTT"
"NW_022589768.1_5445839",2,49,"C","A","GCTTCACCTGCAGGA","GCTTCACATGCAGGA","ATTTGCCTTTTCCATGAAGG"
"NW_022589768.1_601363",2,33,"G","T","CCCTGCAGGTTGATG","CCCTGCATGTTGATG","GCGCAGCCTTATTTGGAAAC"
"NW_022589768.1_7053599",2,39,"A","C","TTTTTTAAATTTTTA","TTTTTTACATTTTTA","GGCAAGAGGATAGTTGCCTTC"
"NW_022589768.1_9359979",2,30,"G","T","TCCTGCAGGCAAGTG","TCCTGCATGCAAGTG","ACCAGTACGGGTGTCCTCTG"
"NW_022589768.1_9449511",2,43,"C","A","GTCTCACCTGCAGGA","GTCTCACATGCAGGA","GTCAGAGGGCTAGCCGAGTA"
"NW_022589768.1_9500769",2,46,"C","A","TGCCCTCCTGCAGGT","TGCCCTCATGCAGGT","GAAAACCACAAAAGCAGAGGT"
"NW_022589769.1_2544388",2,55,"G","A","ACACTGCGTCTACCC","ACACTGCATCTACCC","AAAAATCCTACCTCTTAACTCATCC"
"NW_022589769.1_6208846",2,38,"C","A","CCAACCCCTGCAGGC","CCAACCCATGCAGGC","TGTAAACACCCTCAGCCACTT"
"NW_022589769.1_6435938",2,28,"G","T","GCCTGCAGGACCACA","GCCTGCATGACCACA","TCCATTTGTGAAGTGACTCTGC"
"NW_022589769.1_6880385",2,30,"T","A","AAAGCATTAAAAAAA","AAAGCATAAAAAAAA","GGACGTCTGGTTAGCAGGAG"
"NW_022589769.1_7109139",2,25,"C","A","AACTTCCCTGCAGGC","AACTTCCATGCAGGC","ATTCGGAGACGGGAGGTAAC"
"NW_022589769.1_7556751",2,38,"G","T","CCCTGCAGGTGATGG","CCCTGCATGTGATGG","ACGCAGATACTGACGTCCTG"
"NW_022589770.1_12531",2,35,"C","T","CTGCTGTCG[C/T]GTCAG","CTGCTGTTG[C/T]GTCAG","ACCCTCCTCCTTGCAATACC"
"NW_022589770.1_12531",2,37,"C","T","CTGCTGT[C/T]GCGTCAG","CTGCTGT[C/T]GTGTCAG","ACCCTCCTCCTTGCAATACC"
"NW_022589771.1_2305464",2,27,"G","T","ACCTGCAGGTGACTC","ACCTGCATGTGACTC","GGCAGTGGGCTCCTATTACA"
"NW_022589771.1_2336816",2,44,"A","C","CCCCGTGAAGAGCAG","CCCCGTGCAGAGCAG","TAGCATGGCTCCATCTTTGG"
"NW_022589771.1_3068843",2,42,"T","C","TTGCCTCTGTTTTTG","TTGCCTCCGTTTTTG","GCCTCTGAAATACGGACCTG"
"NW_022589771.1_3251437",2,58,"A","G","CAACAGTATGATCTC","CAACAGTGTGATCTC","AGAAACAATTAGCGCCATGC"
"NW_022589771.1_3263310",2,45,"G","T","ACCTGCAGGAGCCAG","ACCTGCATGAGCCAG","CTCTTCCCATGACAGCCAAC"
"NW_022589771.1_3439550",2,48,"T","G","GGGGGGTTGGGAGGC","GGGGGGTGGGGAGGC","CATGCATGACCTTCTGTCTGA"
"NW_022589771.1_5806959",2,34,"G","A","CGCCTGGGCAGGTTA","CGCCTGGACAGGTTA","CCTCCTGATGAGGGATGAAG"
"NW_022589771.1_6261391",2,46,"G","T","CCCTGCAGGGCCCAG","CCCTGCATGGCCCAG","GGGCCACTTCAGGAGGTAAT"
"NW_022589771.1_6426885",2,50,"G","T","GCCTGCAGGTGCGCC","GCCTGCATGTGCGCC","GTCTGCGGAGGTTCAATGAG"
"NW_022589771.1_6959921",2,25,"C","A","TGGGCTCCTGCAGGC","TGGGCTCATGCAGGC","TCTGTTGGTGTGGACTCTGG"
"NW_022589771.1_7048187",2,61,"G","T","TCCTGCAGGCCTCCC","TCCTGCATGCCTCCC","GACCTTCGACCTGGGAGACT"
"NW_022589771.1_7151691",2,26,"C","A","GACGGCCCTGCAGGA","GACGGCCATGCAGGA","CTTCCTCACACGAAACTGGA"
"NW_022589771.1_7276599",2,24,"G","T","ACCTGCAGGCCTGCT","ACCTGCATGCCTGCT","TGCGATTCCAGATGAAACCT"
"NW_022589773.1_2635595",2,38,"T","C","GAGATTATGTGATAT","GAGATTACGTGATAT","TCTCCATGTTAGAGAATGCCTTT"
"NW_022589773.1_5591159",2,41,"C","A","GTCCAGCCTGCAGGG","GTCCAGCATGCAGGG","GGACACTAGGGGACAGAAAGG"
"NW_022589782.1_1229904",2,42,"C","A","GATGCACCTGCAGGG","GATGCACATGCAGGG","GACGCACAGATGATGATGGT"
"NW_022589782.1_1408718",2,35,"G","T","ACCTGCAGGTTCCTT","ACCTGCATGTTCCTT","GCCTGTCCAAAATCTGGGTA"
"NW_022589782.1_1549670",2,43,"C","A","CGTGTCCCTGCAGGT","CGTGTCCATGCAGGT","CAGGAGGTGCCAAATCAATAG"
"NW_022589782.1_1896137",2,42,"C","A","CAGGGCCCTGCAGGT","CAGGGCCATGCAGGT","ACAGCAATGCCACTGGAGAG"
"NW_022589782.1_4432788",2,27,"G","T","ACCTGCAGGGGAGGA","ACCTGCATGGGAGGA","GGGGACCCTACCAGATCCTA"
"NW_022589782.1_459845",2,38,"C","A","TCCGAGCCTGCAGGG","TCCGAGCATGCAGGG","GAATTCCGTGTCCTGCTCGT"
"NW_022589782.1_5034818",2,38,"G","T","TCCTGCAGGCATCTG","TCCTGCATGCATCTG","CCATGCGCTTATGTCTACCA"
"NW_022589782.1_5066264",2,24,"A","C","TGCTTACACTTTTTC","TGCTTACCCTTTTTC","AGACCACGTGTCTCTGTGCTT"
"NW_022589782.1_6166342",2,31,"A","G","ATTCTGAAGGCTTTG","ATTCTGAGGGCTTTG","AGACCCTGCAGGCTTCATAA"
"NW_022589783.1_3205997",2,24,"C","A","AGACGTCCTGCAGGC","AGACGTCATGCAGGC","CAAACAAGGCTGCTGGAGAC"
"NW_022589783.1_3599820",2,29,"C","T","TTCCCCACGTCAAAA","TTCCCCATGTCAAAA","CAGCATTTTGGCAAGCTCAG"
"NW_022589783.1_4135265",2,41,"C","A","CAATACCCTGCAGGC","CAATACCATGCAGGC","GGTTGAACACCTCCCAGAAA"
"NW_022589783.1_4566516",2,42,"C","T","TCTGGCCCCACCCTG","TCTGGCCTCACCCTG","GGTTCTCCTGGGGAAGCATA"
"NW_022589783.1_4566743",2,55,"A","G","CTTGCTAAGGCTCGA","CTTGCTAGGGCTCGA","GGACCATCGCTAAACCAGAA"
"NW_022589784.1_1278655",2,44,"G","T","TCCTGCAGGGCAATC","TCCTGCATGGCAATC","TCATTTGGCTATGATGTGTGG"
"NW_022589784.1_1549844",2,27,"G","T","CCCTGCAGGCTGCCG","CCCTGCATGCTGCCG","CAGCGAGGTCAGGTTGAGAC"
"NW_022589784.1_2349899",2,29,"A","G","TGCAGGGAGGAGAGG","TGCAGGGGGGAGAGG","AGACCCACCTTACGGGATTC"
"NW_022589784.1_2595122",2,50,"C","A","CCTCACCCTGCAGGG","CCTCACCATGCAGGG","CCTCCTATCCCCTCCCAAAT"
"NW_022589784.1_3226174",2,55,"G","T","CCCTGCAGGCGAGAT","CCCTGCATGCGAGAT","CGAAGGTTGCTGGAGAAAAG"
"NW_022589784.1_4616002",2,37,"G","T","GCCTGCAGGGATGGG","GCCTGCATGGATGGG","TTTTGCTAAGTGCTGTTCTGTCA"
"NW_022589785.1_1272070",2,38,"C","A","AGGCTTCCTGCAGGT","AGGCTTCATGCAGGT","GTGACGGGCTCTACCTGAGT"
"NW_022589785.1_176443",2,41,"C","T","GTACACTCGGGAACA","GTACACTTGGGAACA","CCGGACTTGAGCCAGAATTT"
"NW_022589785.1_4405685",2,33,"G","A","ACCGAAAGTCTCACC","ACCGAAAATCTCACC","TCACCCTTATCGGGATCGTA"
"NW_022589785.1_5286775",2,27,"G","T","GCCTGCAGGCTGTAC","GCCTGCATGCTGTAC","GCGAGGTCAAGTGCTTTGAG"
"NW_022589786.1_3134077",2,42,"G","T","GCCTGCAGGAGGACC","GCCTGCATGAGGACC","CCCCGCTCAGATTACATCAT"
"NW_022589788.1_1156004",2,38,"C","T","CCACAGACGAGAATC","CCACAGATGAGAATC","TCTCTGAAATCCCCAAGTGC"
"NW_022589788.1_1696585",2,37,"G","T","ACCTGCAGGAGGTAG","ACCTGCATGAGGTAG","TGGGGTCTTCCTCTTGGTATT"
"NW_022589788.1_1810004",2,48,"G","T","CCCTGCAGGGCCAGA","CCCTGCATGGCCAGA","GGCTCTGTCCAGACGAAAGT"
"NW_022589788.1_350370",2,34,"G","T","ACCTGCAGGAGAGGT","ACCTGCATGAGAGGT","TCGCACATACACACCCTTGT"
"NW_022590330.1_1608",2,38,"A","C","TCCAATTA[G/A]GCAGGG","TCCAATTC[G/A]GCAGGG","TTCAGAGCCCCCTGAAGATA"
"NW_022590330.1_1608",2,39,"G","A","TCCAATT[A/C]GGCAGGG","TCCAATT[A/C]AGCAGGG","TTCAGAGCCCCCTGAAGATA"
"NW_022593180.1_1705",2,41,"A","G","CATGTATACTC[C/A]TGG","CATGTATGCTC[C/A]TGG","CTGAACAGATGAGCTCGACA"
"NW_022593180.1_1705",2,45,"C","A","CATGTAT[A/G]CTCCTGG","CATGTAT[A/G]CTCATGG","CTGAACAGATGAGCTCGACA"
"NW_022594564.1_431",2,44,"A","T","CCTGCCCACC[A/C]TCCT","CCTGCCCTCC[A/C]TCCT","GGGCATTTCAATGCTTGGAC"
"NW_022594564.1_431",2,47,"A","C","CCTGCCC[A/T]CCATCCT","CCTGCCC[A/T]CCCTCCT","GGGCATTTCAATGCTTGGAC"
"ZFX",2,NA,"G","G","CTGGTCTGAAAACTTCATT","CTGGTCTGAAAACTTCATT","AGAGCAACCCTGTCATAAAGAGAAC"
"ZFY",2,NA,"A","A","TGTACCCACAGAGGTGT","TGTACCCACAGAGGTGT","GCAAGCTCCGAGATTAAACCA"
