"Locus","Ploidy","SNPpos","Allele1","Allele2","Probe1","Probe2","Primer"
"NW_022589705.1_51924496",2,48,"T","G","CTTCAAATCCCCTGG","CTTCAAAGCCCCTGG","CCTATGGCGCTTCATACCTT"
"NW_022589705.1_99535569",2,25,"G","A","GAGGCAGGACCTCCA","GAGGCAGAACCTCCA","AAGGGCCTTAAGCTGCAGAG"
"NW_022589706.1_26593025",2,51,"A","G","GTTTCCAACAACAGT","GTTTCCAGCAACAGT","TTCAGATGCCCTCCGAATAC"
"NW_022589711.1_49262562",2,61,"G","A","CGGTAGCGTAGAGGT","CGGTAGCATAGAGGT","AAAGAGTTCTGCCCGCATAC"
"NW_022589713.1_19231112",2,33,"A","G","CAGCACAAAAAGAAG","CAGCACAGAAAGAAG","CTGGCTCTGGGAAAGAAGAC"
"NW_022589718.1_26110134",2,51,"C","G","CTCCCTGCGCTGCTT","CTCCCTGGGCTGCTT","GCGCATGTAAAACAAGACGA"
"NW_022589720.1_24612532",2,30,"T","G","TCCCTCTTCAACACC","TCCCTCTGCAACACC","TAAACCGGACACTCGGAAAG"
"NW_022589721.1_32465299",2,33,"A","G","TGCCTCGAGGAAGAG","TGCCTCGGGGAAGAG","CCCCTAGTCTTCACCTCGTG"
"NW_022589721.1_35186132",2,45,"G","A","GGGGTCCGCAGACAT","GGGGTCCACAGACAT","ACAAAGGTGCGGCCATGTAT"
"NW_022589733.1_5251130",2,36,"C","G","TTCCAAGCCAGCTGC","TTCCAAGGCAGCTGC","GCACTGCATAATCTCGGATG"
"NW_022589740.1_7910098",2,66,"T","C","GGTGCACTGGCTCAG","GGTGCACCGGCTCAG","ACACGAATGATGCTGTGAGC"
"NW_022589750.1_941193",2,33,"G","A","GTCGCTGGGGCGGGC","GTCGCTGAGGCGGGC","TGCAGGGTGAGGTAGTGAGTT"
"NW_022589752.1_11962976",2,51,"G","A","AGCCCATGGCACCTG","AGCCCATAGCACCTG","GCTTGTCCTCCTCTGACTCCT"
"NW_022589755.1_6492043",2,22,"C","T","CTTTACTCGGCTCGA","CTTTACTTGGCTCGA","CACGGCTCTCAGCACTTTACT"
"NW_022589768.1_11766402",2,51,"T","C","AAGGCTCTAAAAATC","AAGGCTCCAAAAATC","GGGAGGGAGGGACTCATAAT"
"NW_022589779.1_5255803",2,37,"C","T","ATGAACACTGGCATC","ATGAACATTGGCATC","AACTGTGGAACCGGGTAGTG"
"NW_022589788.1_1156004",2,38,"C","T","CCACAGACGAGAATC","CCACAGATGAGAATC","TCTCTGAAATCCCCAAGTGC"
"NW_022589819.1_412590",2,31,"T","G","CTAGGGGTCTCTGGG","CTAGGGGGCTCTGGG","CTCAGAACACCCCACCCTTA"
"NW_022589819.1_546876",2,46,"G","A","AGAATACGCCCGGAC","AGAATACACCCGGAC","CCCAGTGAAAACATGGCATA"
