NW_022589704.1_100905742,C,A,TCTGGCCCTGCAGGG,TCTGGCCATGCAGGG,CAGGACCAGCAAAGGTCTCT,0,0
NW_022589704.1_101739533,C,A,CACCTCCCTGCAGGG,CACCTCCATGCAGGG,GAACCTCCCAGGAGCTTAGAA,0,0
NW_022589704.1_108315098,T,C,CTCCTGGTGCTGTCC,CTCCTGGCGCTGTCC,CAACACTGGTCTGCACTGCT,0,0
NW_022589704.1_11701220,G,T,ACCTGCAGGCCAGGC,ACCTGCATGCCAGGC,TGACTGATACACGCTGCACA,0,0
NW_022589704.1_18266683,C,A,GGATCTCCTGCAGGG,GGATCTCATGCAGGG,CTCCTGAAGTTGGGCCTGTA,0,0
NW_022589704.1_1877425,G,T,GCCTGCAGGTGTCCG,GCCTGCATGTGTCCG,TTCTTCCTAGCGAGCCACCT,0,0
NW_022589704.1_19122646,C,A,GCAGAGCCTGCAGGG,GCAGAGCATGCAGGG,CACTCAAAGGGCTCAGATGC,0,0
NW_022589704.1_20588599,G,T,TCCTGCAGGAGCAGT,TCCTGCATGAGCAGT,CTGTCCATCAACAGCCATGC,0,0
NW_022589704.1_20632873,C,G,CGCCTCCC[C/A]TGCAGG,CGCCTCCG[C/A]TGCAGG,GAAGGAAGGTCAGGAGGGATA,0,0
NW_022589704.1_28075658,G,T,CCCTGCAGGAGAGAA,CCCTGCATGAGAGAA,CGTCCAACCCTGGTAAAATG,0,0
NW_022589704.1_2966036,C,A,GTTAGTCCTGCAGGG,GTTAGTCATGCAGGG,CTGCAGAGGGCTAGACTTGG,0,0
NW_022589704.1_3118832,T,C,GGAACCATGTGGGCT,GGAACCACGTGGGCT,CGAATCAGCAACAGTTGACC,0,0
NW_022589704.1_3366857,C,A,ACACCCCCTGCAGGT,ACACCCCATGCAGGT,GCTGGTGTGATGACCTAGCA,0,0
NW_022589704.1_41878027,C,A,CTCAGTCCTGCAGGG,CTCAGTCATGCAGGG,CTGATGCACGCAGTGAGATG,0,0
NW_022589704.1_438587,G,T,TCCTGCAGGCTGAAA,TCCTGCATGCTGAAA,TGTTCACTGGAAAAGGTGAGG,0,0
NW_022589704.1_487864,G,T,GCCTGCAGGAGCCCG,GCCTGCATGAGCCCG,TTGCTGTCTTGCTGATCCTC,0,0
NW_022589704.1_4913137,G,T,GCCTGCAGGAGAGCG,GCCTGCATGAGAGCG,TCCTGGAAGTTGTCAGCGTA,0,0
NW_022589704.1_5933907,C,A,AGACGCCCTGCAGGA,AGACGCCATGCAGGA,GGCGTGGGAGGTAACAATAG,0,0
NW_022589704.1_60174653,G,A,TGAGCAAGTGTGTAT,TGAGCAAATGTGTAT,AGGCCCTTCCACCTTTTACA,0,0
NW_022589704.1_6076434,C,T,GCACCTGCGAATGTT,GCACCTGTGAATGTT,AGCAAGCAGTGGTGGTTCTT,0,0
NW_022589704.1_64758645,C,G,TAACCTGCCAGTTAT,TAACCTGGCAGTTAT,GAATGAAGCCTGCATAACCTG,0,0
NW_022589704.1_6695787,C,A,AGCCAGCCTGCAGGG,AGCCAGCATGCAGGG,TAACGCTGGTGACTGTGAGG,0,0
NW_022589704.1_673829,G,C,GCTTACAGAGTCCAG,GCTTACACAGTCCAG,CCAAGCTGCTCTACGCTTAC,0,0
NW_022589704.1_91276337,G,A,CTGCCACGCACCACC,CTGCCACACACCACC,ATCTCCCCACCATATGAGCA,0,0
NW_022589705.1_12542394,T,A,AGAGTTTTAAAGCCA,AGAGTTTAAAAGCCA,GCCCTGATACAAGAATGCAGA,0,0
NW_022589705.1_1842079,C,A,CTACCTCCTGCAGGT,CTACCTCATGCAGGT,CGTCCAGCAAGTGTCCTACC,0,0
NW_022589705.1_24065733,C,A,GTATGCCCTGCAGGA,GTATGCCATGCAGGA,GTGGGTGAGACAGGGCGTAT,0,0
NW_022589705.1_27455574,C,A,GCCCTCCCTGCAGGA,GCCCTCCATGCAGGA,GTGGTCCAGCGGTGACTTCT,0,0
NW_022589705.1_3239011,G,T,CCCTGCAGGAGAAGG,CCCTGCATGAGAAGG,CAAACCCTGCACAAACTCAA,0,0
NW_022589705.1_5067662,G,T,GCCTGCAGGAAGCTC,GCCTGCATGAAGCTC,AGTTGCTCCAACAGCACCTG,0,0
NW_022589705.1_51277226,T,C,CTTCTCATGTCACCC,CTTCTCACGTCACCC,CACCCATTCCTCTCCCTACA,0,0
NW_022589705.1_51596801,T,C,AGGTTTTTTTGCTTT,AGGTTTTCTTGCTTT,TGGGAAGCTAGTGAACTGTCC,0,0
NW_022589705.1_51924496,T,G,CTTCAAATCCCCTGG,CTTCAAAGCCCCTGG,CCTATGGCGCTTCATACCTT,0,0
NW_022589705.1_56045331,C,A,AGCCCACCTGCAGGC,AGCCCACATGCAGGC,CTTGGGGGCCCACTTACTAT,0,0
NW_022589705.1_59973302,G,T,CCCTGCAGGAGACCG,CCCTGCATGAGACCG,AATGACTTGAGCACCACTGC,0,0
NW_022589705.1_65371735,C,A,GCCCTACCTGCAGGA,GCCCTACATGCAGGA,GCCCTTCCTGCGAGTTTTAT,0,0
NW_022589705.1_66506672,G,T,ACCTGCAGGAGCATC,ACCTGCATGAGCATC,GACAAGAACCCAGACGCATT,0,0
NW_022589705.1_69337017,G,T,CCCTGCAGGGTTACC,CCCTGCATGGTTACC,TTCCCACTTCAGACAGTTCG,0,0
NW_022589705.1_69703236,G,T,CCCTGCAGGAGCTCC,CCCTGCATGAGCTCC,ACACTCCCGAGCCAACATCT,0,0
NW_022589705.1_71119613,G,T,TCCTGCAGGCGCATA,TCCTGCATGCGCATA,GGCCCTTCCGATACAAGTTT,0,0
NW_022589705.1_72225394,G,T,ACCTGCAGGCCGCAG,ACCTGCATGCCGCAG,TTGCAAAGGGCCTCATATTC,0,0
NW_022589705.1_7239047,C,A,CAAAAACCTGCAGGG,CAAAAACATGCAGGG,ACACTATCGTCCCCATTCCA,0,0
NW_022589705.1_76869642,G,T,TCCTGCAGGTCATGG,TCCTGCATGTCATGG,CAAGTGTGAGGACTGCATGG,0,0
NW_022589705.1_77330946,G,T,CCCTGCAGGAGGGAG,CCCTGCATGAGGGAG,ATTTCCTACCGCATGCTTTG,0,0
NW_022589705.1_77398279,T,C,AATTAACTGCCCCAG,AATTAACCGCCCCAG,AGTGAAGGTGAGTCCCAAGG,0,0
NW_022589705.1_83098873,A,G,GGAAGGGAGGAGGCT,GGAAGGGGGGAGGCT,CAACGAAGGACAAGACGTAGC,0,0
NW_022589705.1_83899690,C,A,AAGGTGCCTGCAGGG,AAGGTGCATGCAGGG,AAAGGCTGTGTGCCTCTCTC,0,0
NW_022589705.1_84272029,C,T,AACGTCCCGATATGA,AACGTCCTGATATGA,CACCTCTGCCATGTGCTAAA,0,0
NW_022589705.1_88495848,A,T,AGAAAAGACTATCAA,AGAAAAGTCTATCAA,GCCAGTGGCTTTAAGACAGG,0,0
NW_022589705.1_88747631,G,T,GCCTGCAGGAGCGCC,GCCTGCATGAGCGCC,TAGTAGGTCACCCCCTGCTC,0,0
NW_022589705.1_89907110,C,A,CAGTCACCTGCAGGA,CAGTCACATGCAGGA,CCGGGACTACTGGTGGTTAG,0,0
NW_022589705.1_90305767,C,A,CTCAGTCCTGCAGGT,CTCAGTCATGCAGGT,GGAATCTGTAGGCCAGCTCA,0,0
NW_022589705.1_91137169,T,C,CCTTTCTTAGCAGCC,CCTTTCTCAGCAGCC,AGGATGCCCTCCAAGATGAT,0,0
NW_022589705.1_92896084,G,A,TAGCGCCGTCC[C/A]TGC,TAGCGCCATCC[C/A]TGC,GATCATTCGCATTCAGTCCA,0,0
NW_022589705.1_94406315,C,A,GGTGGGCCTGCAGGC,GGTGGGCATGCAGGC,TGGGGTGGACATTGTAGTGG,0,0
NW_022589705.1_95115664,G,T,TCCTGCAGGGGGAGC,TCCTGCATGGGGAGC,CGTCACATCCAGCCTTCTCT,0,0
NW_022589705.1_96109252,G,A,CAAACGGGATCTCCA,CAAACGGAATCTCCA,GTGTCGGAACTTCACTGCTG,0,0
NW_022589705.1_97387384,C,T,CTGGCTGCTGGAGGA,CTGGCTGTTGGAGGA,TTGTCTTTGTTACGGCCACA,0,0
NW_022589705.1_97444246,C,T,TTGGCATCTGTATGG,TTGGCATTTGTATGG,GTCTCGCAGTGAGGATGTTG,0,0
NW_022589705.1_98029913,C,A,CTGACACCTGCAGGC,CTGACACATGCAGGC,GCAGAGCTGGTGTGTCTCAG,0,0
NW_022589705.1_98687240,G,T,ACCTGCAGGCTGGGA,ACCTGCATGCTGGGA,GTCGTGAGAGGCATGGACCT,0,0
NW_022589705.1_99535569,G,A,GAGGCAGGACCTCCA,GAGGCAGAACCTCCA,AAGGGCCTTAAGCTGCAGAG,0,0
NW_022589706.1_1942058,G,T,CCCTGCAGGTGTGCT,CCCTGCATGTGTGCT,TCCCCTGCTGTTTCAGTACC,0,0
NW_022589706.1_23005921,T,A,TCTTCATTTTTTTTT,TCTTCATATTTTTTT,CCATGGTGCCAAAACTTCAT,0,0
NW_022589706.1_39226244,C,A,TGAACCCCTGCAGGT,TGAACCCATGCAGGT,GTTGGCTGGGAGCTTCAGTA,0,0
NW_022589706.1_625859,G,T,ACCTGCAGGGAGATA,ACCTGCATGGAGATA,GGCTCTGTGCATTCAAAGCTA,0,0
NW_022589706.1_6582782,C,A,AGACCACCTGCAGGA,AGACCACATGCAGGA,CTGCCTCTCCGTTGTTGACT,0,0
NW_022589707.1_1113941,C,A,TTATCACCTGCAGGA,TTATCACATGCAGGA,GCCGTAGCCTTTCATCGTAG,0,0
NW_022589707.1_137364,T,A,CCAGGGCTAGAATAT,CCAGGGCAAGAATAT,GGGAGCGAGAGCTCAAAGTA,0,0
NW_022589707.1_15280761,G,T,TCCTGCAGGTGGGGG,TCCTGCATGTGGGGG,CTGAAAGAAGTTCTGTTGGAGGA,0,0
NW_022589707.1_17122330,G,T,TCCTGCAGGAGTCCT,TCCTGCATGAGTCCT,AAAGAGGTTGGCAATATTCCTG,0,0
NW_022589707.1_24846362,G,T,TCCTGCAGGCCCACT,TCCTGCATGCCCACT,TGATCAACAGTGTATTTGCTCCA,0,0
NW_022589707.1_38319231,G,T,ACCTGCAGGCCCTTC,ACCTGCATGCCCTTC,AGGACCAGAACAGGGAGTGA,0,0
NW_022589707.1_7118002,G,T,CCCTGCAGGCAAAGC,CCCTGCATGCAAAGC,TTTCCAACTTATCTTTTGACTCAGG,0,0
NW_022589708.1_1079174,C,A,ATTATTCCTGCAGGA,ATTATTCATGCAGGA,AGCCGGACAAGTTCAAGTGT,0,0
NW_022589708.1_12600666,G,T,ACCTGCAGGCAGCGC,ACCTGCATGCAGCGC,GCTCCCTTTAGCTCGGTCTG,0,0
NW_022589708.1_1683642,C,A,CTGGACCCTGCAGGC,CTGGACCATGCAGGC,ATGACAAGCGGACTCTGGAC,0,0
NW_022589708.1_1891523,C,A,CAGAGACCTGCAGGT,CAGAGACATGCAGGT,AAGGGTCAACGTGATAAGACA,0,0
NW_022589708.1_3195046,C,A,GGGTCACCTGCAGGC,GGGTCACATGCAGGC,CCTAGGTGCTGTTTGGCTGT,0,0
NW_022589708.1_3206757,G,T,ACCTGCAGGACCCCG,ACCTGCATGACCCCG,AGTCCAGGATCCGAGCTGAC,0,0
NW_022589708.1_3323222,C,A,CAACCACCTGCAGGC,CAACCACATGCAGGC,TTCATGTGGCTTTACCGTTG,0,0
NW_022589708.1_51041191,G,T,CCCTGCAGGAGAGAG,CCCTGCATGAGAGAG,AGAACTCTCCGCTCCCTGTT,0,0
NW_022589708.1_544044,G,T,ACCTGCAGGTCCACC,ACCTGCATGTCCACC,TCATCTCTGGGGCTAACCTG,0,0
NW_022589708.1_54919705,G,C,CGGTTTGGGATTTTT,CGGTTTGCGATTTTT,GCATTTTTGCTTCCTAAATGCT,0,0
NW_022589708.1_641953,C,A,AGTCTCCCTGCAGGG,AGTCTCCATGCAGGG,AGACGCTGCCTACTGCTTTC,0,0
NW_022589708.1_671602,T,G,GCGGGGATGGACACC,GCGGGGAGGGACACC,ACACCTATGGGGACAGATGC,0,0
NW_022589708.1_70281874,A,C,GGTCCGCAGCTCGGG,GGTCCGCCGCTCGGG,GCTAAGGGTGAATGCAGGTC,0,0
NW_022589708.1_71728948,C,A,GGCAAGCCTGCAGGG,GGCAAGCATGCAGGG,TGAAGAATTTTCCCAGCCTAAA,0,0
NW_022589708.1_73525171,C,A,CCTCATCCTGCAGGC,CCTCATCATGCAGGC,TGGGTCACAATCTGGAACAA,0,0
NW_022589708.1_749266,C,A,ATGGCACCTGCAGGC,ATGGCACATGCAGGC,CTTACCGGCCGTACAGAAAC,0,0
NW_022589708.1_7682586,G,T,CCCTGCAGGAGACAC,CCCTGCATGAGACAC,CGCTGAACGTTAACCTGACTC,0,0
NW_022589709.1_13032317,G,T,GCCTGCAGGCTGCTG,GCCTGCATGCTGCTG,GGCCTTCTGCTCTAGTCTGC,0,0
NW_022589709.1_16921467,C,A,CATCCCCCTGCAGGC,CATCCCCATGCAGGC,CCCCTTGATAATAGGGCACA,0,0
NW_022589709.1_72844646,C,T,ACGGATGCGGATTAC,ACGGATGTGGATTAC,GGTTGTCATGGGTCCTGAAC,0,0
NW_022589720.1_8395735,C,G,ACAGGGGCG[T/G]GGGGA,ACAGGGGGG[T/G]GGGGA,GAGCCAGGGACAAAGGTGAG,0,0
NW_022589721.1_34779143,A,T,GAGGGGGAGG[T/G]GGGG,GAGGGGGTGG[T/G]GGGG,ATATGTGCAGGTGAGCAAGC,0,0
NW_022589722.1_32800850,C,T,AAGGGCTCT[T/C]ATCTA,AAGGGCTTT[T/C]ATCTA,CCTCACTGGGTTCTGGGTTT,0,0
NW_022589722.1_34659502,C,T,CAACTGAC[A/G]AGACAT,CAACTGAT[A/G]AGACAT,GGAAGAGGAGAGGACCACAA,0,0
NW_022589730.1_20146925,C,T,TGTACTACGGCCGTC,TGTACTATGGCCGTC,TCCATCCAGCGAAAGTTTTT,0,0
NW_022589730.1_25077347,C,A,ACCTCCCCTGCAGGC,ACCTCCCATGCAGGC,AGAAGCCAGTGCTCTGGAAG,0,0
NW_022589730.1_25893997,C,A,AGGGTACCTGCAGGG,AGGGTACATGCAGGG,TGGTCTAGTGGACAAGGGTTG,0,0
NW_022589731.1_10317109,G,T,GCCTGCAGGGTAAGT,GCCTGCATGGTAAGT,GGCACATCAGTGGGGAGTTA,0,0
NW_022589731.1_10917270,C,A,ACCTGTCCTGCAGGT,ACCTGTCATGCAGGT,TCAACCAGGAAGCAGGAACT,0,0
NW_022589731.1_13732128,G,T,GCCTGCAGGATCCAG,GCCTGCATGATCCAG,AAAACAGCAGAACAAATGCTCA,0,0
NW_022589731.1_17127014,G,T,GCCTGCAGGGACCGG,GCCTGCATGGACCGG,CCGACTTTGAGGTTGAATGC,0,0
NW_022589731.1_19396933,G,A,TCTCGCCGTACTTTC,TCTCGCCATACTTTC,GAACACAGCGAATTCAAGCA,0,0
NW_022589731.1_19501024,T,C,TCTACTGTGGGTTAG,TCTACTGCGGGTTAG,AACCACACACAGCATTGTCC,0,0
NW_022589731.1_19779680,G,T,GAACTGTGCTGGCAG,GAACTGTTCTGGCAG,GGGCCCTTCTAAGGATGTTG,0,0
NW_022589731.1_19895809,G,T,CCCTGCAGGAGCGCT,CCCTGCATGAGCGCT,CCACCAGCTTGCTAAACACC,0,0
NW_022589731.1_20902073,T,C,GACAAGATGAGGAGT,GACAAGACGAGGAGT,CCAGTGAAGCTCCCTAGCAC,0,0
NW_022589731.1_22009928,G,T,ACCTGCAGGAAAAAA,ACCTGCATGAAAAAA,CATCTGATTCTGAATGCTTCCTT,0,0
NW_022589731.1_22151692,C,A,TTGTTACCTGCAGGG,TTGTTACATGCAGGG,GCAGGCTCTGGAGAAGTGTC,0,0
NW_022589731.1_23871887,G,T,CCCTGCAGGCTGGCT,CCCTGCATGCTGGCT,CAGCCTGTTTGTAAAATGACCA,0,0
NW_022589731.1_25881771,T,C,CCTGACTTC[T/C]TTCAG,CCTGACTCC[T/C]TTCAG,AGGGAACACTCAAGGTGACG,0,0
NW_022589731.1_25908441,G,T,ACCTGCAGGGTCCAT,ACCTGCATGGTCCAT,CCCAGACAGCACTCCTCAAC,0,0
NW_022589731.1_26249149,G,T,GCCTGCAGGAGAGGG,GCCTGCATGAGAGGG,TGACTGTTCACGTTATTCAATGC,0,0
NW_022589731.1_2645774,G,T,GGAGCATGGGGATTC,GGAGCATTGGGATTC,TCTTTGGTCAAGGGATACGC,0,0
NW_022589731.1_2797979,T,C,GGTACTCTGGAGAAG,GGTACTCCGGAGAAG,GGACCTACCGAATTCCTTCC,0,0
NW_022589731.1_397611,A,G,AGAGCCCAGAAGGTT,AGAGCCCGGAAGGTT,GCAGAGTGCAACTCCAGCTT,0,0
NW_022589732.1_10888700,C,T,TTCAGGCCGGGTGCT,TTCAGGCTGGGTGCT,TGCCTCTGGGACTGAGATTC,0,0
NW_022589732.1_12574269,A,C,GCCACCGACCAGGCC,GCCACCGCCCAGGCC,CCAGCTACCTGATGAACGTG,0,0
NW_022589732.1_17482109,G,T,TCCTGCAGGGCCATG,TCCTGCATGGCCATG,GTGAATTGTCCCCTGGGATT,0,0
NW_022589732.1_19466570,G,T,ACCTGCAGGCACTGG,ACCTGCATGCACTGG,GGTGTCAGAATTCAGTGAAGCA,0,0
NW_022589732.1_24361060,G,T,CCCTGCAGGAGGGGT,CCCTGCATGAGGGGT,CCGTGACTGCAATGACCAGT,0,0
NW_022589732.1_24900096,C,A,CTCAGCCCTGCAGGG,CTCAGCCATGCAGGG,GTCACCGCAGTGTGGAGATG,0,0
NW_022589732.1_24900246,A,C,GGGAAGCACCCAACC,GGGAAGCCCCCAACC,GAGTCCAAATACACATGTTGCTG,0,0
NW_022589732.1_4664273,T,C,ATGCCTCT[T/C]TATTGC,ATGCCTCC[T/C]TATTGC,CAGCCACCACACCTGACTAT,0,0
NW_022589733.1_17629153,G,T,CCCTGCAGGGCCTTT,CCCTGCATGGCCTTT,ATCAGAGGACAGGACGGTCA,0,0
NW_022589733.1_21330637,G,T,CCCTGCAGGACTTAA,CCCTGCATGACTTAA,ATCTCACACCGTGGCTAGGA,0,0
NW_022589733.1_21427034,G,T,TCCTGCAGGACCGGT,TCCTGCATGACCGGT,CGGAGCTTGGGATTTAAGGT,0,0
NW_022589733.1_3521532,G,T,GCCTGCAGGCTGGAA,GCCTGCATGCTGGAA,CGGCATGGCTTAGACGTTAG,0,0
NW_022589733.1_3792488,C,A,AATAAGCCTGCAGGG,AATAAGCATGCAGGG,GACTGGAGCCCGCTCTTTAG,0,0
NW_022589733.1_7187181,A,G,AAAGCTCACTCCTGC,AAAGCTCGCTCCTGC,CCTCCTAAGAGGGGACTCCA,0,0
NW_022589733.1_7207298,G,T,TCCTGCAGGCCTCCT,TCCTGCATGCCTCCT,ATACCAGGCCTCACCTTCCT,0,0
NW_022589733.1_8962605,G,T,GCCTGCAGGGCCTTA,GCCTGCATGGCCTTA,GCTTCTTCAGGCTCTGTCGT,0,0
NW_022589733.1_9809599,A,G,GGAGAACATGTGTGC,GGAGAACGTGTGTGC,ACCCCAATGACTACGTGGAA,0,0
NW_022589734.1_14693031,G,T,CCCTGCAGGGACCGA,CCCTGCATGGACCGA,AATGACTGTGGCATGTGAGC,0,0
NW_022589734.1_15375521,C,A,TTGCTCCCTGCAGGG,TTGCTCCATGCAGGG,ACAGGAGCGCTCAAATCCTA,0,0
NW_022589734.1_15541025,G,T,CCCTGCAGGTTCTTG,CCCTGCATGTTCTTG,GCTAGCCAGTCTCAGCGGTA,0,0
NW_022589734.1_20980339,G,A,TCAGGGGGACTTAGT,TCAGGGGAACTTAGT,TTTAGGGGAAGAGGCTTTGC,0,0
NW_022589734.1_3873269,C,A,GTGATCCCTGCAGGG,GTGATCCATGCAGGG,AGAGATGTCCATCCGAGCAG,0,0
NW_022589734.1_4183726,T,C,TTAGAACTGATAAAA,TTAGAACCGATAAAA,GCTGGAGTGTGTTTTTGTGG,0,0
NW_022589734.1_6683302,G,A,CTCAGAGGCCCTCTT,CTCAGAGACCCTCTT,CACAGACAGCACCCCAGTTG,0,0
NW_022589734.1_8003055,G,T,CCCTGCAGGAGGTGG,CCCTGCATGAGGTGG,GTTGGTAGCCAGCCTCTTCC,0,0
NW_022589735.1_7722046,C,A,AAACCACCTGCAGGG,AAACCACATGCAGGG,TCCGTTCTTGCCAAACCTTA,0,0
NW_022589736.1_13460239,T,G,TAAACATTGCCAGGG,TAAACATGGCCAGGG,GTGGGCCTTCAGTAAGGTTG,0,0
NW_022589736.1_13525497,G,T,CCCTGCAGGCTGGGA,CCCTGCATGCTGGGA,AGCTTTGGGTGTAGGGTTCC,0,0
NW_022589736.1_15506831,G,T,GCCTGCAGGAGACAA,GCCTGCATGAGACAA,TTCCGACAAGACTTGGTCCT,0,0
NW_022589736.1_15557809,C,A,CCTCTCCCTGCAGGA,CCTCTCCATGCAGGA,AAACGCTCCCTTCAAAGTCC,0,0
NW_022589736.1_15850366,G,T,GCCTGCAGGCCCCAT,GCCTGCATGCCCCAT,ACCTGGAACAGCATGACCTC,0,0
NW_022589736.1_1587093,G,C,CATGCTGGGAACACA,CATGCTGCGAACACA,TGGTTAATGTATTGCCCACAA,0,0
NW_022589736.1_1947303,G,T,CCCTGCAGGCAGGAG,CCCTGCATGCAGGAG,TAGCTCCGGTCTTTGAGAGC,0,0
NW_022589736.1_2621747,C,A,CAGAGACCTGCAGGC,CAGAGACATGCAGGC,TGGAGAATTTGGCAGTCAGC,0,0
NW_022589736.1_294866,C,T,TGCCACTCC[A/C]ATTTT,TGCCACTTC[A/C]ATTTT,AAGGAAGCCAGGGTCTGAAT,0,0
NW_022589736.1_3229973,C,A,CAGGGTCCTGCAGGG,CAGGGTCATGCAGGG,CACACCCAGAAGAAGGGAAC,0,0
NW_022589736.1_5127472,T,C,ACCCACCTGTCCCAG,ACCCACCCGTCCCAG,ACTGCCTGTCTTTGCTCGAC,0,0
NW_022589736.1_5127607,G,T,GCCTGCAGGAGAGCC,GCCTGCATGAGAGCC,GTCCGTATGCTTTCCTCTGG,0,0
NW_022589736.1_8679220,G,T,TCCTGCAGGGCCAGC,TCCTGCATGGCCAGC,CAACTCCTGGGACTCCTTTG,0,0
NW_022589737.1_1089531,C,T,CCAGCACCGACTTTT,CCAGCACTGACTTTT,GATTCAGATTAGTGCCCAGCA,0,0
NW_022589737.1_4419568,G,A,GATGATCGGGCCGGG,GATGATCAGGCCGGG,AGGAGCACTCACTGGTAGCC,0,0
NW_022589737.1_8177453,C,G,GCAGACTCTTTTTCC,GCAGACTGTTTTTCC,CCTTTCGACAATGTGTGCAT,0,0
NW_022589738.1_13220200,C,A,AATGTCCCTGCAGGA,AATGTCCATGCAGGA,GAATGTGAGCATTTATTTCTCTGC,0,0
NW_022589739.1_15498336,G,T,TCCTGCAGGGCTGCG,TCCTGCATGGCTGCG,AGAAGCCCTCTCCCAGAGAT,0,0
NW_022589739.1_17780491,G,T,TCCTGCAGGTGGCTG,TCCTGCATGTGGCTG,CACCCAGTCCAGAGTCAGGT,0,0
NW_022589739.1_2621710,C,A,GCTTTGCCTGCAGGA,GCTTTGCATGCAGGA,CGTCACTCTGTGCATCTTCC,0,0
NW_022589740.1_11082731,C,A,TGTTTCCCTGCAGGG,TGTTTCCATGCAGGG,AACAAGCGCTGTTGATTCCT,0,0
NW_022589740.1_16082353,C,A,TGGTTACCTGCAGGC,TGGTTACATGCAGGC,CGCTTATTTTAGTTAGGGGTAGTTT,0,0
NW_022589740.1_2571199,T,C,CATTGGCTG[C/G]ACTCT,CATTGGCCG[C/G]ACTCT,ACCACACATGCAGTCTCTCG,0,0
NW_022589740.1_7910098,T,C,GGTGCACTGGCTCAG,GGTGCACCGGCTCAG,ACACGAATGATGCTGTGAGC,0,0
NW_022589740.1_9460909,G,T,GCCTGCAGGAGGCTC,GCCTGCATGAGGCTC,GTAGGTGCTGGGCACAGTCT,0,0
NW_022589741.1_1077334,T,C,TGTTCCATAGAATGA,TGTTCCACAGAATGA,CTTGGGCTTTTCCAGCATAG,0,0
NW_022589741.1_13038609,C,A,GCCTCCCCTGCAGGC,GCCTCCCATGCAGGC,CCTCTGGCAATCTCGTCTCC,0,0
NW_022589741.1_13084046,C,A,AGAAGGCCTGCAGGT,AGAAGGCATGCAGGT,CTGGGGTTTCTAGGCTGACA,0,0
NW_022589741.1_13535581,C,A,CCCACCCCTGCAGGA,CCCACCCATGCAGGA,GAGTCCAGGCCGACAACACT,0,0
NW_022589741.1_15477758,G,T,ACCTGCAGGGGTCAG,ACCTGCATGGGTCAG,GCAGCCCAGTTACCTTCCTA,0,0
NW_022589741.1_16624898,T,C,CAGAGCCTCTT[T/C]GCT,CAGAGCCCCTT[T/C]GCT,GACCTGCAGGGCACAGTACA,0,0
NW_022589741.1_17469120,C,A,GATTGCCCTGCAGGT,GATTGCCATGCAGGT,GCATCTGGGTTCTTCAGGAG,0,0
NW_022589741.1_7177375,G,T,ACCTGCAGGTGTCTT,ACCTGCATGTGTCTT,TCATGGGGTGTATTTTGTGTG,0,0
NW_022589741.1_944103,C,A,CTTCAGCCTGCAGGC,CTTCAGCATGCAGGC,GTGACAGGACCATAGCAGCA,0,0
NW_022589743.1_11245371,C,A,GGCGATCCTGCAGGT,GGCGATCATGCAGGT,AGGCCTAGCCACTACTGCAA,0,0
NW_022589743.1_19273934,T,G,CGGGGAGTGG[C/G]GGGG,CGGGGAGGGG[C/G]GGGG,GTGGCTGAAGCTTGAAGAGC,0,0
NW_022589743.1_19554344,G,T,TCCTGCAGGCCAGCT,TCCTGCATGCCAGCT,GGGTCCTGGGTAACCTTCTC,0,0
NW_022589743.1_23776205,C,A,CAGGGCTC[C/A]CTGACT,CAGGGCTA[C/A]CTGACT,CCCACATATGCCACCTCTTT,0,0
NW_022589743.1_23776974,C,A,AGGGAGCCTGCAGGT,AGGGAGCATGCAGGT,CACCAGGATCCCAGATTGTC,0,0
NW_022589743.1_23961772,G,T,GCCTGCAGGGAATGC,GCCTGCATGGAATGC,AGGGCACTCTCCATGGTTAC,0,0
NW_022589743.1_24207532,C,A,TAAGTCCCTGCAGGA,TAAGTCCATGCAGGA,AAGCTGAGTTATGAAGGCGAAG,0,0
NW_022589743.1_3281835,T,C,GACCAGGTGCTGATT,GACCAGGCGCTGATT,TGGTAGGCCCACTCTGAGAC,0,0
NW_022589743.1_4363316,T,C,GGAGTTGTGGGGGGC,GGAGTTGCGGGGGGC,GAATTTTCCGAACCCTGGAG,0,0
NW_022589743.1_4924941,G,T,GCCTGCAGGACCTGG,GCCTGCATGACCTGG,AGGGTTAGGGGAGCCAAGTG,0,0
NW_022589743.1_4954847,G,T,TCCTGCAGGGGAGGG,TCCTGCATGGGAGGG,CATGGGGTACAGCTTTCCTG,0,0
NW_022589744.1_10484174,T,C,AGCACTCTGCGACCA,AGCACTCCGCGACCA,CTGGGGACACCAGGAACTGT,0,0
NW_022589744.1_11788373,G,T,CCCTGCAGGGACCTC,CCCTGCATGGACCTC,CATGCTGAGCTAGGTGCTTG,0,0
NW_022589744.1_12308316,A,C,CCTTCCTAGGAGCGT,CCTTCCTCGGAGCGT,AGAGTGCCGAGCTCCCTTAG,0,0
NW_022589744.1_13184309,G,A,GGTAAGCGTGTGGAC,GGTAAGCATGTGGAC,CTCTCGGGCGGTTAACTTCT,0,0
NW_022589744.1_15024278,G,T,ACCTGCAGGAGGAGG,ACCTGCATGAGGAGG,CCAGAAGAGTGTGGTCCACTG,0,0
NW_022589744.1_15294223,C,T,CAGCTGACGCTGTAG,CAGCTGATGCTGTAG,GGCTGCCTTGTGAGTCTTTC,0,0
NW_022589744.1_16029119,G,T,CCCTGCAGGGTAGGG,CCCTGCATGGTAGGG,CTCTTTGAGGGAGGCAGGTC,0,0
NW_022589744.1_16669616,G,T,CCCTGCAGGAGACGC,CCCTGCATGAGACGC,GTGACCTCGCTGATGCTTTC,0,0
NW_022589744.1_16707647,C,A,AAGGAGCCTGCAGGC,AAGGAGCATGCAGGC,TTGGCTTGCCAGAGATTAGAA,0,0
NW_022589744.1_2635511,G,T,CCCTGCAGGAGGCTA,CCCTGCATGAGGCTA,TGATGAACGGACAGTTCCAG,0,0
NW_022589744.1_3223339,T,C,TATGCTGTTGATCTT,TATGCTGCTGATCTT,TCAGGGATTTTCCATACAGTTC,0,0
NW_022589744.1_4554402,C,A,GACGCCCCTGCAGGT,GACGCCCATGCAGGT,AGATGGACATTCCGAGACCA,0,0
NW_022589744.1_9417594,C,T,CTCGCTACGCTCTTT,CTCGCTATGCTCTTT,CAACATTTCTAGACTTGGCACCT,0,0
NW_022589745.1_11211840,T,C,CTGTCACTCATGTGC,CTGTCACCCATGTGC,TGGAGTCCAAAGCAATTTCA,0,0
NW_022589745.1_14837244,G,A,CCCCGACGGTTCTTT,CCCCGACAGTTCTTT,TTCTTGGTCTCAGCACGATG,0,0
NW_022589745.1_1566175,A,G,GCCTGACAAATCTGA,GCCTGACGAATCTGA,CACAGGCTTTCAGTTTGTCG,0,0
NW_022589745.1_3441333,C,A,GGTAAACCTGCAGGT,GGTAAACATGCAGGT,CCAGGACTAGCAGCGTAGGT,0,0
NW_022589745.1_3781310,G,T,TCCTGCAGGCTTTTT,TCCTGCATGCTTTTT,ACTCTAGCCTGGGCTGTTCC,0,0
NW_022589745.1_4083510,C,A,TGGTGACCTGCAGGT,TGGTGACATGCAGGT,ACATCCCCATTTTTGGGAAC,0,0
NW_022589745.1_4860934,G,T,ACCTGCAGGAGCGTC,ACCTGCATGAGCGTC,TAGGGCACTATCCCAACCTG,0,0
NW_022589745.1_6044874,C,A,TCCATCCCTGCAGGA,TCCATCCATGCAGGA,CCTGGATGTATGGGGAGATG,0,0
NW_022589745.1_6520126,G,T,TCCTGCAGGGGAGAC,TCCTGCATGGGAGAC,GTGGCTGTCCTACCTTCTGC,0,0
NW_022589745.1_6750030,A,C,CTGCCTTACACCCCC,CTGCCTTCCACCCCC,GGGCCCATCTGTGTTTACTG,0,0
NW_022589745.1_7346052,C,A,GCCTCCCCTGCAGGG,GCCTCCCATGCAGGG,CTAGCTGCCTGTGTGTGGTG,0,0
NW_022589745.1_7649419,G,T,CCCTGCAGGAGCCCC,CCCTGCATGAGCCCC,TGGACTTTGCAGAAACGGTTA,0,0
NW_022589746.1_10271194,C,A,TCAAGCCCTGCAGGC,TCAAGCCATGCAGGC,TGTCCCATTGATGTTCAAGC,0,0
NW_022589746.1_11682458,G,T,ACCTGCAGGTCTCCA,ACCTGCATGTCTCCA,GCCCGTCATTCCACCTTATT,0,0
NW_022589746.1_13498689,C,A,ACCTAACCTGCAGGG,ACCTAACATGCAGGG,CCTTTTAGCCTCGTCCCTTT,0,0
NW_022589746.1_1643845,G,A,CTGCAAGGGGTAGTC,CTGCAAGAGGTAGTC,AGGGTTCCTAGGGTCCTCCT,0,0
NW_022589746.1_5298650,A,C,GTTCTTAATCTAACT,GTTCTTACTCTAACT,GGAGCAGGGAGGCTACAGTT,0,0
NW_022589746.1_6437824,C,T,AGGGCTCCGTGCAAG,AGGGCTCTGTGCAAG,GGAGATTAGGCCCAAGACAG,0,0
NW_022589747.1_10848065,G,T,TCCTGCAGGAGCTCT,TCCTGCATGAGCTCT,AACTCCAAATGAGGGGACCT,0,0
NW_022589747.1_4092951,G,T,CCCTGCAGGAGGGAT,CCCTGCATGAGGGAT,ACGCTGACTGTGGACCAGAC,0,0
NW_022589747.1_4487519,G,T,TCCTGCAGGCGTCTG,TCCTGCATGCGTCTG,GGCAGAGACGAGGTTCTGAG,0,0
NW_022589748.1_11421537,G,T,CCCTGCAGGAGTTTG,CCCTGCATGAGTTTG,GGGGCTTGTACTCACTGTCG,0,0
NW_022589748.1_11477778,G,T,GCCTGCAGGATGAAT,GCCTGCATGATGAAT,CTGGGACACCGCTGATATTC,0,0
NW_022589748.1_11617207,C,A,TACTTCCCTGCAGGT,TACTTCCATGCAGGT,TGACATGAAACTTACAGCCTTTG,0,0
NW_022589748.1_297042,G,T,GCCTGCAGGACTACG,GCCTGCATGACTACG,GCTGACCATTCAAAGGCTGT,0,0
NW_022589748.1_3433670,C,G,CATCTCGCGGCGGAT,CATCTCGGGGCGGAT,CCAGTTGTTTTGCCTTTGCT,0,0
NW_022589748.1_4098542,C,G,CTTCACACGACCCTC,CTTCACAGGACCCTC,GGTATGGCCAGTTTCCTTCA,0,0
NW_022589748.1_636682,T,C,CTGCCTTTCTCTCGA,CTGCCTTCCTCTCGA,GAACACGGAACTGAGGCAAG,0,0
NW_022589748.1_7775121,T,C,CAGAAGATGGAAAGC,CAGAAGACGGAAAGC,GACACAAGGTCATCCTAACAGC,0,0
NW_022589749.1_10018434,C,A,AGGAATCCTGCAGGA,AGGAATCATGCAGGA,CTAGGAGACCCCAGGAGCTG,0,0
NW_022589749.1_10141398,G,T,GCCTGCAGGAGTTGA,GCCTGCATGAGTTGA,GCCAATTCTGCAAAGTCCTC,0,0
NW_022589749.1_10997494,C,G,CTGCTCCC[C/A]TGCAGG,CTGCTCCG[C/A]TGCAGG,AGAGGTGCTGTGAGGAATGG,0,0
NW_022589749.1_11016883,G,T,ACCTGCAGGGGACAC,ACCTGCATGGGACAC,CTGGGTCTGCCAGAGACTTT,0,0
NW_022589749.1_12684897,G,T,CCCTGCAGGCTTTCT,CCCTGCATGCTTTCT,CCTCCCAGACCATCAGCAAC,0,0
NW_022589749.1_3225142,A,C,CTTGCCCAC[A/C]GGCGC,CTTGCCCCC[A/C]GGCGC,TCCAGGGAGAGAAAACAACG,0,0
NW_022589749.1_3462709,G,T,CCCTGCAGGGGGCAC,CCCTGCATGGGGCAC,GAGCTACTCTTCCCCGTACC,0,0
NW_022589749.1_4346801,G,A,ATCCCCCGTGAGCTC,ATCCCCCATGAGCTC,GGCTCACTCGAGCTCACTTC,0,0
NW_022589749.1_9504908,G,T,GCCTGCAGGGTCATG,GCCTGCATGGTCATG,AAAGATCTGGGGGATTGTCC,0,0
NW_022589750.1_1434987,A,C,CCCGGGCAGCATCGT,CCCGGGCCGCATCGT,AGCTGGCTGGTAAGCACGTA,0,0
NW_022589750.1_1975003,C,A,GCAGCCCCTGCAGGA,GCAGCCCATGCAGGA,TAAAGGAGCCGAGTCCAAGA,0,0
NW_022589750.1_1986277,C,A,ATTTAGCCTGCAGGT,ATTTAGCATGCAGGT,GCTGGACTTGGCCAGATTTA,0,0
NW_022589750.1_2890393,G,T,ACCTGCAGGAGAGCT,ACCTGCATGAGAGCT,GACGGCCAAAGCTTGGTTAC,0,0
NW_022589750.1_3113033,C,A,TCTGAACCTGCAGGA,TCTGAACATGCAGGA,TCCTTCACCAAAAGGTTTGC,0,0
NW_022589750.1_3166610,G,T,CCCTGCAGGAGTCCC,CCCTGCATGAGTCCC,TGCCCTGAGGTTAACGTTTC,0,0
NW_022589750.1_565872,C,A,CTGCCACCTGCAGGC,CTGCCACATGCAGGC,AGTGGGTATCTGGGGCCTCT,0,0
NW_022589750.1_802705,G,T,CCCTGCAG[G/C]GGAGCT,CCCTGCAT[G/C]GGAGCT,AGTCTGAAAGGACGCAGCAG,0,0
NW_022589750.1_824795,C,A,CATCCACCTGCAGGA,CATCCACATGCAGGA,GGCTGCAGAGGACCATGTAA,0,0
NW_022589750.1_9823611,T,C,AAGGACGTGGATCCC,AAGGACGCGGATCCC,ATTCAGCAGGTTGGAACAGG,0,0
NW_022589751.1_242512,C,A,GAGCTTCCTGCAGGA,GAGCTTCATGCAGGA,TCAGCGCACATACCGAGATA,0,0
NW_022589753.1_11012482,T,G,TCCTGAGTGCCCCCG,TCCTGAGGGCCCCCG,CACATGCTGAAGCCTCCTGA,0,0
NW_022589753.1_1223053,A,C,CCCAGGCACCTCGAG,CCCAGGCCCCTCGAG,ACGTGGCTGAATTACTGCTG,0,0
NW_022589753.1_12378250,G,T,CCCTGCAGGGATGTG,CCCTGCATGGATGTG,TCGGAGAGTTTAAGGGCTTG,0,0
NW_022589753.1_1417388,C,T,GGGAGCCCGTGTCCC,GGGAGCCTGTGTCCC,ACAGGGACCAAGACGAGGTT,0,0
NW_022589753.1_1472731,C,A,GCTCGTCCTGCAGGG,GCTCGTCATGCAGGG,TGTCCATGGCCTACGTGTACT,0,0
NW_022589753.1_2948585,C,G,CTCTGGGCACACAAG,CTCTGGGGACACAAG,GCTCTGAGTGTGTCCAGCAG,0,0
NW_022589753.1_3331699,G,T,ACCTGCAGGGAGTCA,ACCTGCATGGAGTCA,AGGACTCCCCTTCCATGACT,0,0
NW_022589753.1_3472797,C,A,CTGCGACCTGCAGGC,CTGCGACATGCAGGC,TCACATCGGCATTAACAACG,0,0
NW_022589753.1_350677,T,C,TCTGGGTTAGAGGGC,TCTGGGTCAGAGGGC,TCCCAAGTTCAGAGAGCTGAG,0,0
NW_022589753.1_3843443,C,A,AGCAAAGCAAAATAA,AGCAAAGAAAAATAA,ACCGGTGGCTGCTAATTCTC,0,0
NW_022589753.1_664824,G,T,CCCTGCAGGAGGGGG,CCCTGCATGAGGGGG,TCGGTGATTCTCCCCTATTG,0,0
NW_022589753.1_805689,T,C,AGGGCCATCCGCAGA,AGGGCCACCCGCAGA,AAATGCCATTCTAATCCCGTTA,0,0
NW_022589753.1_8625687,C,A,CTAGGGCCTGCAGGC,CTAGGGCATGCAGGC,TACCAGCAACCCCTTCAATC,0,0
NW_022589753.1_9998206,C,A,GGCCTGCCTGCAGGA,GGCCTGCATGCAGGA,GGGTACGGTTTCCTCCTCTC,0,0
NW_022589755.1_10180489,G,T,ACCTGCAGGCGCACC,ACCTGCATGCGCACC,GCGACAAGGGTTTCAGCTAC,0,0
NW_022589755.1_2804894,C,A,GTGACCCCTGCAGGT,GTGACCCATGCAGGT,TGACAAAAGTAGGGGCAAGG,0,0
NW_022589755.1_3812737,G,T,CCCTGCAGGC[G/A]TGGG,CCCTGCATGC[G/A]TGGG,TTCCTCTGGGGATGTCTCTG,0,0
NW_022589755.1_424010,G,T,ACCTGCAGGGATGTT,ACCTGCATGGATGTT,AAGGTACCCCAGGTTGATACC,0,0
NW_022589755.1_4686634,C,G,ACCACTGCGCACAGG,ACCACTGGGCACAGG,ACACGAGCAAACTGGGCTAA,0,0
NW_022589755.1_6217694,G,T,CCCTGCAGGAGTACA,CCCTGCATGAGTACA,GGGGTGTCTTGACCACAGAG,0,0
NW_022589755.1_6492043,C,T,CTTTACTCGGCTCGA,CTTTACTTGGCTCGA,CACGGCTCTCAGCACTTTACT,0,0
NW_022589755.1_6666454,G,T,GCCTGCAGGCCTCCC,GCCTGCATGCCTCCC,GAACATTCTGGCCGCCTACT,0,0
NW_022589755.1_7884987,C,A,CTTCCTCCTGCAGGT,CTTCCTCATGCAGGT,CCGGCTCTAATGACCTTCCT,0,0
NW_022589755.1_8568975,C,A,TGTCTCCCTGCAGGT,TGTCTCCATGCAGGT,TTTGCATCAGCTTCCATCAG,0,0
NW_022589755.1_8787738,C,A,ATGGTGCCTGCAGGG,ATGGTGCATGCAGGG,CCAGGAGGGTGTAAATGGTG,0,0
NW_022589755.1_8814203,C,A,GGAGGGCCTGCAGGA,GGAGGGCATGCAGGA,TGCTCGGTAATTAGCTGTGG,0,0
NW_022589755.1_9494880,C,G,GGGGCAGCGGGGGCA,GGGGCAGGGGGGGCA,CATCAGGATCGAGTGGGAAG,0,0
NW_022589756.1_10916645,G,T,CCCTGCAGGCAAGTA,CCCTGCATGCAAGTA,TTTCACCCCTATTTTCCACCT,0,0
NW_022589756.1_1502244,G,T,TCCTGCAGGTACATA,TCCTGCATGTACATA,TGGTTGTCTCATTTCTTCTCCA,0,0
NW_022589756.1_1949776,C,A,AAAACACCTGCAGGG,AAAACACATGCAGGG,GGCTAAGCTACGGCAGAAAA,0,0
NW_022589756.1_2822684,G,T,CCCTGCAGGAGGCTG,CCCTGCATGAGGCTG,TAAGAGCCACCATGTGCTGA,0,0
NW_022589756.1_7700420,C,A,CTGCCACCTGCAGGC,CTGCCACATGCAGGC,GACTGGACGGAAGCTGAGAC,0,0
NW_022589756.1_8772132,C,G,TCTTCCCCGCATTCT,TCTTCCCGGCATTCT,ACGTTTGCCTGGTTTTTACG,0,0
NW_022589756.1_9381734,C,T,ACAACGGCGGCCCAC,ACAACGGTGGCCCAC,TTGATGCCTCCTAGACAGTTCA,0,0
NW_022589756.1_9925247,G,T,GCCTGCAGGAGGCCA,GCCTGCATGAGGCCA,GGCATCAAGCTCACTCCTGT,0,0
NW_022589759.1_3279906,G,C,GCCTTTTGGTTTAGG,GCCTTTTCGTTTAGG,AGCCAAGAAGTCTGCCTCAC,0,0
NW_022589759.1_4926162,A,G,CAGTGGCAATGTGGG,CAGTGGCGATGTGGG,CGGTGATGCTCCTGTATGCTA,0,0
NW_022589759.1_6538668,G,T,GACGACGG[A/T]GATTCC,GACGACGT[A/T]GATTCC,ACAAAGCTCCATGAGGCAAC,0,0
NW_022589759.1_6859330,C,A,TGCTTACCTGCAGGC,TGCTTACATGCAGGC,CTAATGGGAGCCACGTTTTC,0,0
NW_022589759.1_7204686,C,A,TTGCCCCCACGGGGC,TTGCCCCAACGGGGC,AGAGGCATGTTACCCCAGTG,0,0
NW_022589759.1_8177113,C,A,ATCGTTCCTGCAGGT,ATCGTTCATGCAGGT,TGACAGACCCTGCATATCGT,0,0
NW_022589761.1_1024167,C,G,CAGAATCC[C/A]TGCAGG,CAGAATCG[C/A]TGCAGG,AGGCCTCATCCCCTAACATT,0,0
NW_022589761.1_2659244,C,A,ACACTGCCTGCAGGT,ACACTGCATGCAGGT,CCAGACAGCACGTCCACACT,0,0
NW_022589761.1_5512561,G,T,CCCTGCAGGCTCCAG,CCCTGCATGCTCCAG,TGCCACTGGGCTAAAGTCTC,0,0
NW_022589761.1_6055391,G,T,CCCTGCAGGAAGAAG,CCCTGCATGAAGAAG,ATGTGAGCCCTCCACTCCAC,0,0
NW_022589761.1_8608430,G,T,CCCTGCAGGGCCGAG,CCCTGCATGGCCGAG,GTCTGCTCTAGCCTCCGAGA,0,0
NW_022589762.1_1472422,T,G,GCAAGGGTGGCCGGC,GCAAGGGGGGCCGGC,CCAATGATTAGAAGGCTACGG,0,0
NW_022589762.1_1700540,G,T,ACCTGCAGGAGGAGA,ACCTGCATGAGGAGA,GGCTCCCATAGTTGGAACCT,0,0
NW_022589762.1_4139696,C,A,CAGAGTCCTGCAGGG,CAGAGTCATGCAGGG,CCGCAACGAATTTACCTGAA,0,0
NW_022589762.1_6935955,G,T,CCCTGCAGGCCTCAC,CCCTGCATGCCTCAC,GAAACATAATCCCACCCTTCC,0,0
NW_022589763.1_6723384,C,A,CATGGCCCTGCAGGC,CATGGCCATGCAGGC,GGCTGTATGTGGGTTGGTTT,0,0
NW_022589763.1_6747778,C,A,CCTGGACCTGCAGGA,CCTGGACATGCAGGA,GGGAGTCTCCAGTGCGTAGA,0,0
NW_022589764.1_4927379,C,A,AAAATTCCTGCAGGC,AAAATTCATGCAGGC,TGGCCAGGCATTACTCTAGG,0,0
NW_022589764.1_7484423,G,T,ACCTGCAGGAGGAGG,ACCTGCATGAGGAGG,GGCCGTAGTGACAGGTGTTT,0,0
NW_022589766.1_3931876,T,C,CCAGCACTGTACACA,CCAGCACCGTACACA,CGTCTTCCCTAGACCCAGTG,0,0
NW_022589766.1_3943897,G,A,CACACGCGTGTGAAG,CACACGCATGTGAAG,CACACACGGATTTACACATGG,0,0
NW_022589768.1_11378967,C,A,TCTGCCCCTGCAGGC,TCTGCCCATGCAGGC,AGCCATGGAAGCCATTGTAG,0,0
NW_022589768.1_2914243,C,T,AGTATTACGTTGTGA,AGTATTATGTTGTGA,CAACCCCATCAAACCTTGTT,0,0
NW_022589768.1_5445839,C,A,GCTTCACCTGCAGGA,GCTTCACATGCAGGA,ATTTGCCTTTTCCATGAAGG,0,0
NW_022589768.1_601363,G,T,CCCTGCAGGTTGATG,CCCTGCATGTTGATG,GCGCAGCCTTATTTGGAAAC,0,0
NW_022589768.1_7053599,A,C,TTTTTTAAATTTTTA,TTTTTTACATTTTTA,GGCAAGAGGATAGTTGCCTTC,0,0
NW_022589768.1_9359979,G,T,TCCTGCAGGCAAGTG,TCCTGCATGCAAGTG,ACCAGTACGGGTGTCCTCTG,0,0
NW_022589768.1_9449511,C,A,GTCTCACCTGCAGGA,GTCTCACATGCAGGA,GTCAGAGGGCTAGCCGAGTA,0,0
NW_022589768.1_9500769,C,A,TGCCCTCCTGCAGGT,TGCCCTCATGCAGGT,GAAAACCACAAAAGCAGAGGT,0,0
NW_022589769.1_2544388,G,A,ACACTGCGTCTACCC,ACACTGCATCTACCC,AAAAATCCTACCTCTTAACTCATCC,0,0
NW_022589769.1_6208846,C,A,CCAACCCCTGCAGGC,CCAACCCATGCAGGC,TGTAAACACCCTCAGCCACTT,0,0
NW_022589769.1_6435938,G,T,GCCTGCAGGACCACA,GCCTGCATGACCACA,TCCATTTGTGAAGTGACTCTGC,0,0
NW_022589769.1_6880385,T,A,AAAGCATTAAAAAAA,AAAGCATAAAAAAAA,GGACGTCTGGTTAGCAGGAG,0,0
NW_022589769.1_7109139,C,A,AACTTCCCTGCAGGC,AACTTCCATGCAGGC,ATTCGGAGACGGGAGGTAAC,0,0
NW_022589769.1_7556751,G,T,CCCTGCAGGTGATGG,CCCTGCATGTGATGG,ACGCAGATACTGACGTCCTG,0,0
NW_022589770.1_12531,C,T,CTGCTGTCG[C/T]GTCAG,CTGCTGTTG[C/T]GTCAG,ACCCTCCTCCTTGCAATACC,0,0
NW_022589771.1_2305464,G,T,ACCTGCAGGTGACTC,ACCTGCATGTGACTC,GGCAGTGGGCTCCTATTACA,0,0
NW_022589771.1_2336816,A,C,CCCCGTGAAGAGCAG,CCCCGTGCAGAGCAG,TAGCATGGCTCCATCTTTGG,0,0
NW_022589771.1_3068843,T,C,TTGCCTCTGTTTTTG,TTGCCTCCGTTTTTG,GCCTCTGAAATACGGACCTG,0,0
NW_022589771.1_3251437,A,G,CAACAGTATGATCTC,CAACAGTGTGATCTC,AGAAACAATTAGCGCCATGC,0,0
NW_022589771.1_3263310,G,T,ACCTGCAGGAGCCAG,ACCTGCATGAGCCAG,CTCTTCCCATGACAGCCAAC,0,0
NW_022589771.1_3439550,T,G,GGGGGGTTGGGAGGC,GGGGGGTGGGGAGGC,CATGCATGACCTTCTGTCTGA,0,0
NW_022589771.1_5806959,G,A,CGCCTGGGCAGGTTA,CGCCTGGACAGGTTA,CCTCCTGATGAGGGATGAAG,0,0
NW_022589771.1_6261391,G,T,CCCTGCAGGGCCCAG,CCCTGCATGGCCCAG,GGGCCACTTCAGGAGGTAAT,0,0
NW_022589771.1_6426885,G,T,GCCTGCAGGTGCGCC,GCCTGCATGTGCGCC,GTCTGCGGAGGTTCAATGAG,0,0
NW_022589771.1_6959921,C,A,TGGGCTCCTGCAGGC,TGGGCTCATGCAGGC,TCTGTTGGTGTGGACTCTGG,0,0
NW_022589771.1_7048187,G,T,TCCTGCAGGCCTCCC,TCCTGCATGCCTCCC,GACCTTCGACCTGGGAGACT,0,0
NW_022589771.1_7151691,C,A,GACGGCCCTGCAGGA,GACGGCCATGCAGGA,CTTCCTCACACGAAACTGGA,0,0
NW_022589771.1_7276599,G,T,ACCTGCAGGCCTGCT,ACCTGCATGCCTGCT,TGCGATTCCAGATGAAACCT,0,0
NW_022589773.1_2635595,T,C,GAGATTATGTGATAT,GAGATTACGTGATAT,TCTCCATGTTAGAGAATGCCTTT,0,0
NW_022589773.1_5591159,C,A,GTCCAGCCTGCAGGG,GTCCAGCATGCAGGG,GGACACTAGGGGACAGAAAGG,0,0
NW_022589782.1_1229904,C,A,GATGCACCTGCAGGG,GATGCACATGCAGGG,GACGCACAGATGATGATGGT,0,0
NW_022589782.1_1408718,G,T,ACCTGCAGGTTCCTT,ACCTGCATGTTCCTT,GCCTGTCCAAAATCTGGGTA,0,0
NW_022589782.1_1549670,C,A,CGTGTCCCTGCAGGT,CGTGTCCATGCAGGT,CAGGAGGTGCCAAATCAATAG,0,0
NW_022589782.1_1896137,C,A,CAGGGCCCTGCAGGT,CAGGGCCATGCAGGT,ACAGCAATGCCACTGGAGAG,0,0
NW_022589782.1_4432788,G,T,ACCTGCAGGGGAGGA,ACCTGCATGGGAGGA,GGGGACCCTACCAGATCCTA,0,0
NW_022589782.1_459845,C,A,TCCGAGCCTGCAGGG,TCCGAGCATGCAGGG,GAATTCCGTGTCCTGCTCGT,0,0
NW_022589782.1_5034818,G,T,TCCTGCAGGCATCTG,TCCTGCATGCATCTG,CCATGCGCTTATGTCTACCA,0,0
NW_022589782.1_5066264,A,C,TGCTTACACTTTTTC,TGCTTACCCTTTTTC,AGACCACGTGTCTCTGTGCTT,0,0
NW_022589782.1_6166342,A,G,ATTCTGAAGGCTTTG,ATTCTGAGGGCTTTG,AGACCCTGCAGGCTTCATAA,0,0
NW_022589783.1_3205997,C,A,AGACGTCCTGCAGGC,AGACGTCATGCAGGC,CAAACAAGGCTGCTGGAGAC,0,0
NW_022589783.1_3599820,C,T,TTCCCCACGTCAAAA,TTCCCCATGTCAAAA,CAGCATTTTGGCAAGCTCAG,0,0
NW_022589783.1_4135265,C,A,CAATACCCTGCAGGC,CAATACCATGCAGGC,GGTTGAACACCTCCCAGAAA,0,0
NW_022589783.1_4566516,C,T,TCTGGCCCCACCCTG,TCTGGCCTCACCCTG,GGTTCTCCTGGGGAAGCATA,0,0
NW_022589783.1_4566743,A,G,CTTGCTAAGGCTCGA,CTTGCTAGGGCTCGA,GGACCATCGCTAAACCAGAA,0,0
NW_022589784.1_1278655,G,T,TCCTGCAGGGCAATC,TCCTGCATGGCAATC,TCATTTGGCTATGATGTGTGG,0,0
NW_022589784.1_1549844,G,T,CCCTGCAGGCTGCCG,CCCTGCATGCTGCCG,CAGCGAGGTCAGGTTGAGAC,0,0
NW_022589784.1_2349899,A,G,TGCAGGGAGGAGAGG,TGCAGGGGGGAGAGG,AGACCCACCTTACGGGATTC,0,0
NW_022589784.1_2595122,C,A,CCTCACCCTGCAGGG,CCTCACCATGCAGGG,CCTCCTATCCCCTCCCAAAT,0,0
NW_022589784.1_3226174,G,T,CCCTGCAGGCGAGAT,CCCTGCATGCGAGAT,CGAAGGTTGCTGGAGAAAAG,0,0
NW_022589784.1_4616002,G,T,GCCTGCAGGGATGGG,GCCTGCATGGATGGG,TTTTGCTAAGTGCTGTTCTGTCA,0,0
NW_022589785.1_1272070,C,A,AGGCTTCCTGCAGGT,AGGCTTCATGCAGGT,GTGACGGGCTCTACCTGAGT,0,0
NW_022589785.1_176443,C,T,GTACACTCGGGAACA,GTACACTTGGGAACA,CCGGACTTGAGCCAGAATTT,0,0
NW_022589785.1_4405685,G,A,ACCGAAAGTCTCACC,ACCGAAAATCTCACC,TCACCCTTATCGGGATCGTA,0,0
NW_022589785.1_5286775,G,T,GCCTGCAGGCTGTAC,GCCTGCATGCTGTAC,GCGAGGTCAAGTGCTTTGAG,0,0
NW_022589786.1_3134077,G,T,GCCTGCAGGAGGACC,GCCTGCATGAGGACC,CCCCGCTCAGATTACATCAT,0,0
NW_022589788.1_1156004,C,T,CCACAGACGAGAATC,CCACAGATGAGAATC,TCTCTGAAATCCCCAAGTGC,0,0
NW_022589788.1_1696585,G,T,ACCTGCAGGAGGTAG,ACCTGCATGAGGTAG,TGGGGTCTTCCTCTTGGTATT,0,0
NW_022589788.1_1810004,G,T,CCCTGCAGGGCCAGA,CCCTGCATGGCCAGA,GGCTCTGTCCAGACGAAAGT,0,0
NW_022589788.1_350370,G,T,ACCTGCAGGAGAGGT,ACCTGCATGAGAGGT,TCGCACATACACACCCTTGT,0,0
NW_022590330.1_1608,A,C,TCCAATTA[G/A]GCAGGG,TCCAATTC[G/A]GCAGGG,TTCAGAGCCCCCTGAAGATA,0,0
NW_022593180.1_1705,A,G,CATGTATACTC[C/A]TGG,CATGTATGCTC[C/A]TGG,CTGAACAGATGAGCTCGACA,0,0
NW_022594564.1_431,A,T,CCTGCCCACC[A/C]TCCT,CCTGCCCTCC[A/C]TCCT,GGGCATTTCAATGCTTGGAC,0,0
ZFX,G,G,CTGGTCTGAAAACTTCATT,CTGGTCTGAAAACTTCATT,AGAGCAACCCTGTCATAAAGAGAAC,0,0
ZFY,A,A,TGTACCCACAGAGGTGT,TGTACCCACAGAGGTGT,GCAAGCTCCGAGATTAAACCA,0,0
