Index,Seq ID,Count,Primer_type,Orientation,Start,Len,tm,GC%,Any compl,3' compl,Seq,Prod Size,Seq Length,Included Length,Pair any compl,Pair 3' compl
1,gnl|dbSNP|rsNW_022589719.1_35604007,1,SNP flanking,FORWARD,46,20,61.52,50,5,1,ATTGGCAAAGCCTGGAAGAC,87,200,200,4,2
2,gnl|dbSNP|rsNW_022589719.1_35604007,1,SNP flanking,REVERSE,132,20,59.19,50,4,0,CACCGAAGTTAATCCCTGCT,,,,,
3,gnl|dbSNP|rsNW_022589719.1_35604155,1,SNP flanking,FORWARD,41,20,59.59,40,4,2,TGGAGGTCGCGTTTAATTTT,89,200,200,4,0
4,gnl|dbSNP|rsNW_022589719.1_35604155,1,SNP flanking,REVERSE,129,20,59.85,50,6,3,CGTGCATGCTATCGACTGAT,,,,,
5,gnl|dbSNP|rsNW_022589719.1_36280790,1,SNP flanking,FORWARD,56,20,59.77,50,2,2,TGCCTTCCCTTCATCCTCTA,100,200,200,3,1
6,gnl|dbSNP|rsNW_022589719.1_36280790,1,SNP flanking,REVERSE,155,20,59.7,55,3,1,CACCTCCCTTGTGTCTGTGA,,,,,
7,gnl|dbSNP|rsNW_022589719.1_37097043,1,SNP flanking,FORWARD,50,20,60.68,55,5,0,GGAGTCCAAGAGCAGCAAGA,78,200,200,5,3
8,gnl|dbSNP|rsNW_022589719.1_37097043,1,SNP flanking,REVERSE,127,20,59.22,50,4,0,TTCTTCTCGGCTAGGTGCTT,,,,,
9,gnl|dbSNP|rsNW_022589719.1_37422443,1,SNP flanking,FORWARD,55,22,59.73,45.45,3,0,GGAGGAAAACTAAGAGCATCCA,94,200,200,4,0
10,gnl|dbSNP|rsNW_022589719.1_37422443,1,SNP flanking,REVERSE,148,20,62.04,60,4,1,GTCGCTCATCCTGCACAGAC,,,,,
11,gnl|dbSNP|rsNW_022589719.1_37725528,1,SNP flanking,FORWARD,68,20,60,55,5,2,GAGTTTCCTGAGGCTGTTGC,66,200,200,4,1
12,gnl|dbSNP|rsNW_022589719.1_37725528,1,SNP flanking,REVERSE,133,20,59.93,50,4,1,GGAGAATCCATGCACCTGTT,,,,,
13,gnl|dbSNP|rsNW_022589719.1_37791102,1,SNP flanking,FORWARD,61,20,60.28,60,6,2,CTCCTGAGCACAGCTTCTCC,81,200,200,4,0
14,gnl|dbSNP|rsNW_022589719.1_37791102,1,SNP flanking,REVERSE,141,20,59.7,55,3,0,CTCTCCCGTGGTTTTCTCAC,,,,,
15,gnl|dbSNP|rsNW_022589719.1_37872006,1,SNP flanking,FORWARD,77,20,60.05,50,4,2,CTGGTGCTCAAGCGTTTACA,99,200,200,4,0
16,gnl|dbSNP|rsNW_022589719.1_37872006,1,SNP flanking,REVERSE,175,20,60.98,60,2,2,TGACCCAGACCCACTACAGG,,,,,
17,gnl|dbSNP|rsNW_022589719.1_38151938,1,SNP flanking,FORWARD,53,20,59.98,55,3,1,CCTCCAGTTCAGGCTTTCTG,68,200,200,4,1
18,gnl|dbSNP|rsNW_022589719.1_38151938,1,SNP flanking,REVERSE,120,20,61.23,55,6,0,TGAGAGCATCTCCCAACCAC,,,,,
19,gnl|dbSNP|rsNW_022589720.1_657714,1,SNP flanking,FORWARD,55,23,59.97,39.13,6,2,TGCAAGTTCTAGACGTGAAAACA,97,200,200,4,1
20,gnl|dbSNP|rsNW_022589720.1_657714,1,SNP flanking,REVERSE,151,20,60.64,60,4,3,CCAGGCCAGTAACCTCTCCT,,,,,
21,gnl|dbSNP|rsNW_022589720.1_803846,1,SNP flanking,FORWARD,54,22,59.38,40.91,5,3,GGCAACATTGTAACAGAATTGG,87,200,200,3,3
22,gnl|dbSNP|rsNW_022589720.1_803846,1,SNP flanking,REVERSE,140,20,60.86,60,4,3,GGACACTCACCCAGAAGCTG,,,,,
23,gnl|dbSNP|rsNW_022589720.1_807136,1,SNP flanking,FORWARD,61,20,60.32,50,6,2,TCGTCACTCCAGTGCACATT,74,200,200,4,1
24,gnl|dbSNP|rsNW_022589720.1_807136,1,SNP flanking,REVERSE,134,20,58.09,50,5,3,CATCTCCCTGCGCTATTAGA,,,,,
25,gnl|dbSNP|rsNW_022589720.1_1675725,1,SNP flanking,FORWARD,78,20,62.17,55,6,2,TGGGCATTCCTTGGTACCTC,88,200,200,4,1
26,gnl|dbSNP|rsNW_022589720.1_1675725,1,SNP flanking,REVERSE,165,20,60.73,55,5,1,GTTTCTTCCCCACCTGGTTC,,,,,
27,gnl|dbSNP|rsNW_022589720.1_1876981,1,SNP flanking,FORWARD,38,20,59.47,50,3,3,AAACAAGGAAGGACGCTGAG,96,200,200,4,0
28,gnl|dbSNP|rsNW_022589720.1_1876981,1,SNP flanking,REVERSE,133,20,62.4,55,6,2,TCTCCCAGCAGAAGCTGGAT,,,,,
29,gnl|dbSNP|rsNW_022589720.1_2144440,1,SNP flanking,FORWARD,43,20,60.95,50,4,0,CAACAAATGGTGGCTGGTCT,80,200,200,5,2
30,gnl|dbSNP|rsNW_022589720.1_2144440,1,SNP flanking,REVERSE,122,20,60.8,45,4,2,TGAAAAAGACCCCGAGGAAT,,,,,
31,gnl|dbSNP|rsNW_022589720.1_2698191,1,SNP flanking,FORWARD,59,20,59.86,50,4,2,TGAGCACAAGAGAGGCTTCA,75,200,200,4,1
32,gnl|dbSNP|rsNW_022589720.1_2698191,1,SNP flanking,REVERSE,133,20,61.15,60,4,0,GTGAGTCCTGACCCCACAGA,,,,,
33,gnl|dbSNP|rsNW_022589720.1_2733389,1,SNP flanking,FORWARD,66,20,59.27,55,4,1,CGCATCTCCATAGTGACCAG,86,200,200,5,3
34,gnl|dbSNP|rsNW_022589720.1_2733389,1,SNP flanking,REVERSE,151,20,59.83,50,6,1,AATCTGGAGCTCATGCCACT,,,,,
35,gnl|dbSNP|rsNW_022589720.1_3302218,1,SNP flanking,FORWARD,53,23,57.7,39.13,4,2,TCTCCAATCTTTAACTTGACAGC,88,200,200,5,2
36,gnl|dbSNP|rsNW_022589720.1_3302218,1,SNP flanking,REVERSE,140,20,59.37,45,5,1,TTGACTCTCAAAGGGCATCA,,,,,
37,gnl|dbSNP|rsNW_022589720.1_3342515,1,SNP flanking,FORWARD,80,20,60.35,55,6,0,AGGTCCACCTTCCTTGTTCC,77,200,200,5,2
38,gnl|dbSNP|rsNW_022589720.1_3342515,1,SNP flanking,REVERSE,156,20,59.42,40,4,1,AACATGCGAAAGCAGAATGA,,,,,
39,gnl|dbSNP|rsNW_022589720.1_3361954,1,SNP flanking,FORWARD,48,20,59.96,50,2,2,GCAGAAATGAAGAGCCAAGG,94,200,200,4,0
40,gnl|dbSNP|rsNW_022589720.1_3361954,1,SNP flanking,REVERSE,141,20,60.25,55,5,0,CCCCTTCTAGTTGCAGGACA,,,,,
41,gnl|dbSNP|rsNW_022589720.1_3780479,1,SNP flanking,FORWARD,61,20,61.81,60,5,3,GCTGTGAGTGAGCTGGCAGT,99,200,200,3,0
42,gnl|dbSNP|rsNW_022589720.1_3780479,1,SNP flanking,REVERSE,159,20,59.15,55,5,0,GTTCAACGGTGTGGAGTGAG,,,,,
43,gnl|dbSNP|rsNW_022589720.1_3863855,1,SNP flanking,FORWARD,62,23,57.75,34.78,4,0,TGAAACCCAAGATACTTACCAAA,74,200,200,3,0
44,gnl|dbSNP|rsNW_022589720.1_3863855,1,SNP flanking,REVERSE,135,25,57.2,24,6,0,TCACAGAAATGAGAATTTAAAACAA,,,,,
45,gnl|dbSNP|rsNW_022589720.1_3901660,1,SNP flanking,FORWARD,47,20,58.67,50,3,0,ACATAGGCTTGAGGGTCGTT,91,200,200,4,2
46,gnl|dbSNP|rsNW_022589720.1_3901660,1,SNP flanking,REVERSE,137,20,59.5,55,2,0,TCACCTGTCTGTCCACCATC,,,,,
47,gnl|dbSNP|rsNW_022589720.1_3918379,1,SNP flanking,FORWARD,34,20,62.53,60,4,2,CAGGAGAAGGAGAGCGTTCG,90,200,200,4,0
48,gnl|dbSNP|rsNW_022589720.1_3918379,1,SNP flanking,REVERSE,123,22,59.33,50,8,3,GGTCATGACACTCAATGTAGGG,,,,,
49,gnl|dbSNP|rsNW_022589720.1_4331666,1,SNP flanking,FORWARD,50,22,60.09,50,4,0,CCCCCTTTTATAGCACTTACCC,79,200,200,5,2
50,gnl|dbSNP|rsNW_022589720.1_4331666,1,SNP flanking,REVERSE,128,20,59.14,45,5,0,AGACTGGAAATTGCACCACA,,,,,
51,gnl|dbSNP|rsNW_022589720.1_4336481,1,SNP flanking,FORWARD,69,20,59.2,55,2,0,ACGAGCACACACACACACAC,75,200,200,4,2
52,gnl|dbSNP|rsNW_022589720.1_4336481,1,SNP flanking,REVERSE,143,20,59.69,45,5,0,TCAAGAACCTTGCATTGTGG,,,,,
53,gnl|dbSNP|rsNW_022589720.1_4793121,1,SNP flanking,FORWARD,78,20,61.35,60,4,3,AGCCAGGTGTGTGAGTCCTG,79,200,200,5,1
54,gnl|dbSNP|rsNW_022589720.1_4793121,1,SNP flanking,REVERSE,156,20,60.25,55,3,0,GACTCGGCTTGGTGGTAAGA,,,,,
55,gnl|dbSNP|rsNW_022589720.1_5806886,1,SNP flanking,FORWARD,70,20,60.34,50,4,0,TGCCAAGGGATTAAGCAGAG,85,200,200,6,2
56,gnl|dbSNP|rsNW_022589720.1_5806886,1,SNP flanking,REVERSE,154,20,59.33,60,5,3,ACCCCAGTCTGTCTGCTAGG,,,,,
57,gnl|dbSNP|rsNW_022589720.1_7190581,1,SNP flanking,FORWARD,53,20,59.99,60,2,1,GTTCCCTCTCTCGCTGTGTC,77,200,200,4,0
58,gnl|dbSNP|rsNW_022589720.1_7190581,1,SNP flanking,REVERSE,129,20,60.3,50,3,0,GCACACCTGCCTTGTTTCTT,,,,,
59,gnl|dbSNP|rsNW_022589720.1_7255691,1,SNP flanking,FORWARD,57,21,61.2,47.62,6,2,CCACACTTGCCAGCAATTAGA,82,200,200,5,3
60,gnl|dbSNP|rsNW_022589720.1_7255691,1,SNP flanking,REVERSE,138,21,59.53,47.62,7,3,GGCAGTCACAAAGTTTGCTCT,,,,,
61,gnl|dbSNP|rsNW_022589720.1_8285688,1,SNP flanking,FORWARD,78,20,60.07,50,2,2,CAGAAGCACCTCCCCATTTA,89,200,200,4,0
62,gnl|dbSNP|rsNW_022589720.1_8285688,1,SNP flanking,REVERSE,166,20,62.45,65,3,0,CTCTTCCTCCCCCTCTGACC,,,,,
63,gnl|dbSNP|rsNW_022589720.1_8654306,1,SNP flanking,FORWARD,53,20,59.47,55,6,2,GCCACGTGTCTGAACTCAAG,88,200,200,5,3
64,gnl|dbSNP|rsNW_022589720.1_8654306,1,SNP flanking,REVERSE,140,20,61.33,50,6,0,ATTACGGTGTGGCCATGAGA,,,,,
65,gnl|dbSNP|rsNW_022589720.1_10952934,1,SNP flanking,FORWARD,70,20,59.76,50,4,2,ATGATCTCAGGAAGCCCAGA,82,200,200,4,0
66,gnl|dbSNP|rsNW_022589720.1_10952934,1,SNP flanking,REVERSE,151,20,59.81,50,3,2,TCTGTGAGCCTTTCCCCTTA,,,,,
67,gnl|dbSNP|rsNW_022589720.1_11380339,1,SNP flanking,FORWARD,64,20,59.55,55,6,0,CTCCCAACAACCTTGTCCTC,89,200,200,4,3
68,gnl|dbSNP|rsNW_022589720.1_11380339,1,SNP flanking,REVERSE,152,20,59.24,50,3,1,TGGGTCTAATCCTCAGCACA,,,,,
69,gnl|dbSNP|rsNW_022589720.1_13276058,1,SNP flanking,FORWARD,60,20,59.43,55,5,2,GTGGCACTGAACTGCTCATC,76,200,200,5,3
70,gnl|dbSNP|rsNW_022589720.1_13276058,1,SNP flanking,REVERSE,135,20,60.32,60,5,3,ACCTCAGACCCAGAGTGTGC,,,,,
71,gnl|dbSNP|rsNW_022589720.1_24962725,1,SNP flanking,FORWARD,42,20,59.4,55,6,2,CCATCCTCTTGAGCTCTGGT,82,200,200,4,0
72,gnl|dbSNP|rsNW_022589720.1_24962725,1,SNP flanking,REVERSE,123,20,60.35,55,6,1,TGTCAGCTGCCTACTTGCTG,,,,,
73,gnl|dbSNP|rsNW_022589720.1_26232321,1,SNP flanking,FORWARD,78,21,60.38,47.62,5,3,TCTCTGTTGCAGGAAATGAGG,65,200,200,5,1
74,gnl|dbSNP|rsNW_022589720.1_26232321,1,SNP flanking,REVERSE,142,20,61.41,60,4,2,GCTCTCCCGGCTAAAGACTG,,,,,
75,gnl|dbSNP|rsNW_022589720.1_26232472,1,SNP flanking,FORWARD,62,20,60.81,55,8,0,GTTGAGCATGCTTCCCACTC,83,200,200,5,1
76,gnl|dbSNP|rsNW_022589720.1_26232472,1,SNP flanking,REVERSE,144,20,59.68,50,3,3,GGCTGAACTGAATGTGTCCA,,,,,
77,gnl|dbSNP|rsNW_022589720.1_27590352,1,SNP flanking,FORWARD,35,20,59.53,50,5,3,GCCTTTGAATGGTCTGAACC,95,200,200,5,2
78,gnl|dbSNP|rsNW_022589720.1_27590352,1,SNP flanking,REVERSE,129,20,59.04,50,4,0,CCAAAGAGGGTTGGTGAGTT,,,,,
79,gnl|dbSNP|rsNW_022589720.1_30210211,1,SNP flanking,FORWARD,59,21,60.15,47.62,3,3,GCATTTCTTCACAAGCAGAGC,78,200,200,4,2
80,gnl|dbSNP|rsNW_022589720.1_30210211,1,SNP flanking,REVERSE,136,20,59.96,55,5,3,AAGTGGTCCATCTGGGTCAG,,,,,
81,gnl|dbSNP|rsNW_022589721.1_1395173,1,SNP flanking,FORWARD,57,20,60.62,60,2,2,GGCTCTTCTTCCCTCTCTGC,69,200,200,3,0
82,gnl|dbSNP|rsNW_022589721.1_1395173,1,SNP flanking,REVERSE,125,20,60.22,45,3,0,ATTCTTTGTGCCGCTTCATC,,,,,
83,gnl|dbSNP|rsNW_022589721.1_18342022,1,SNP flanking,FORWARD,75,20,60.34,60,2,2,GGTCTCCTCCTTCCTTCAGC,80,200,200,4,1
84,gnl|dbSNP|rsNW_022589721.1_18342022,1,SNP flanking,REVERSE,154,21,60.02,52.38,6,0,TCCCCACGTACAGTGAGAAAC,,,,,
85,gnl|dbSNP|rsNW_022589721.1_18641318,1,SNP flanking,FORWARD,67,20,60.07,50,6,0,AGCATCCACATGGAGGAAAG,66,200,200,5,2
86,gnl|dbSNP|rsNW_022589721.1_18641318,1,SNP flanking,REVERSE,132,20,60.36,55,4,2,GGGCTAGTGCTCAAGGATGA,,,,,
87,gnl|dbSNP|rsNW_022589721.1_19759339,1,SNP flanking,FORWARD,58,20,59.12,45,3,1,TTGGCTTAGGAATGGACACA,99,200,200,5,1
88,gnl|dbSNP|rsNW_022589721.1_19759339,1,SNP flanking,REVERSE,156,21,59.65,47.62,4,0,TTGTACCCACAAGGCAACTCT,,,,,
89,gnl|dbSNP|rsNW_022589721.1_21975467,1,SNP flanking,FORWARD,78,20,60.11,50,4,2,TGGGAAAACTGTACGGAAGC,75,200,200,5,2
90,gnl|dbSNP|rsNW_022589721.1_21975467,1,SNP flanking,REVERSE,152,20,60.25,55,5,1,AGGGAGGTGTTCCAGCTCTT,,,,,
91,gnl|dbSNP|rsNW_022589721.1_22183947,1,SNP flanking,FORWARD,59,20,61.13,60,2,1,CTCCCCCTCCTGCTTTGTAG,81,200,200,6,2
92,gnl|dbSNP|rsNW_022589721.1_22183947,1,SNP flanking,REVERSE,139,20,61.13,60,3,3,GCAGAGACAGGGATGCTCAG,,,,,
93,gnl|dbSNP|rsNW_022589721.1_22209649,1,SNP flanking,FORWARD,47,20,60.35,55,8,0,TCAGATCTGCACCTCCTTCC,100,200,200,6,2
94,gnl|dbSNP|rsNW_022589721.1_22209649,1,SNP flanking,REVERSE,146,20,59.83,60,5,3,CTTCGAGGAGGGACACTCAC,,,,,
95,gnl|dbSNP|rsNW_022589721.1_22326172,1,SNP flanking,FORWARD,77,20,59.45,55,5,1,CTGCTCACCAGGTTCTTCCT,91,200,200,5,1
96,gnl|dbSNP|rsNW_022589721.1_22326172,1,SNP flanking,REVERSE,167,20,59.89,50,5,3,ATACAGCAGTGCAGCCAATG,,,,,
97,gnl|dbSNP|rsNW_022589721.1_24588186,1,SNP flanking,FORWARD,70,21,60.05,47.62,6,0,GACGGCATCATAGGATTGAGA,92,200,200,4,3
98,gnl|dbSNP|rsNW_022589721.1_24588186,1,SNP flanking,REVERSE,161,20,59.58,50,6,1,AGCATCACTGCAGAACCTCA,,,,,
99,gnl|dbSNP|rsNW_022589721.1_26327442,1,SNP flanking,FORWARD,77,20,59.2,40,4,2,TGATTGAGCTGGGATTCAAA,90,200,200,4,1
100,gnl|dbSNP|rsNW_022589721.1_26327442,1,SNP flanking,REVERSE,166,20,59.9,55,4,0,CTCACCGAGTGCATGTGTCT,,,,,
101,gnl|dbSNP|rsNW_022589721.1_26934390,1,SNP flanking,FORWARD,80,20,60.28,60,3,1,CAGAGCAAGGCTGGAGAGAC,73,200,200,6,3
102,gnl|dbSNP|rsNW_022589721.1_26934390,1,SNP flanking,REVERSE,152,20,58.75,50,5,3,ACATGAAGCCCTGTGCTATG,,,,,
103,gnl|dbSNP|rsNW_022589721.1_26962678,1,SNP flanking,FORWARD,77,20,60.21,55,2,2,TGTGGGGCTCTTCCTGATAG,79,200,200,3,1
104,gnl|dbSNP|rsNW_022589721.1_26962678,1,SNP flanking,REVERSE,155,20,60.55,50,4,2,AAGGGACGCTGTGCATACAT,,,,,
105,gnl|dbSNP|rsNW_022589721.1_27663896,1,SNP flanking,FORWARD,64,20,61.07,45,5,1,ATGTTTTTCCCGGAGTTTGG,70,200,200,4,2
106,gnl|dbSNP|rsNW_022589721.1_27663896,1,SNP flanking,REVERSE,133,20,60.14,60,4,0,CTCAGCTCCTCGTCTGTTCC,,,,,
107,gnl|dbSNP|rsNW_022589721.1_27914498,1,SNP flanking,FORWARD,79,20,60.23,55,4,1,AGGGGCTGGAATAGCAGAGT,67,200,200,8,1
108,gnl|dbSNP|rsNW_022589721.1_27914498,1,SNP flanking,REVERSE,145,20,60.39,50,6,2,GGGCTCTTCCAGGGAAAATA,,,,,
109,gnl|dbSNP|rsNW_022589721.1_28237412,1,SNP flanking,FORWARD,76,20,61.68,60,2,2,GGGCAGGGACACATCTTACC,81,200,200,4,0
110,gnl|dbSNP|rsNW_022589721.1_28237412,1,SNP flanking,REVERSE,156,20,59.96,55,6,1,CCTTCCACTGGTACCCTTCA,,,,,
111,gnl|dbSNP|rsNW_022589721.1_29024170,1,SNP flanking,FORWARD,60,20,60.62,50,4,2,TGCGTGGTAATGGGGTTTAC,66,200,200,3,0
112,gnl|dbSNP|rsNW_022589721.1_29024170,1,SNP flanking,REVERSE,125,20,60.45,55,6,0,GAGAGTGGCCAGTGTTTGCT,,,,,
113,gnl|dbSNP|rsNW_022589721.1_30802294,1,SNP flanking,FORWARD,75,20,60.54,55,6,2,TAAACTGCAGGGACGCTCTC,78,200,200,3,0
114,gnl|dbSNP|rsNW_022589721.1_30802294,1,SNP flanking,REVERSE,152,20,60.02,55,3,2,GCTCCGCATCACACTCTGTA,,,,,
115,gnl|dbSNP|rsNW_022589721.1_30929577,1,SNP flanking,FORWARD,62,20,60.5,55,5,2,CCACGGTGTGTCTGTCATGT,60,200,200,6,3
116,gnl|dbSNP|rsNW_022589721.1_30929577,1,SNP flanking,REVERSE,121,20,59.76,55,5,1,ACAGCAGACCAGCTCTCACA,,,,,
117,gnl|dbSNP|rsNW_022589721.1_30940228,1,SNP flanking,FORWARD,51,20,60.39,55,8,3,TTGAGTCCAGGAGCTCCAAC,73,200,200,6,2
118,gnl|dbSNP|rsNW_022589721.1_30940228,1,SNP flanking,REVERSE,123,20,59.6,55,2,2,AGTGCTCCTCTCTGGTTTGC,,,,,
119,gnl|dbSNP|rsNW_022589721.1_30950732,1,SNP flanking,FORWARD,36,20,59.93,50,5,2,TGGTCACCCTTGGATAAAGC,88,200,200,4,0
120,gnl|dbSNP|rsNW_022589721.1_30950732,1,SNP flanking,REVERSE,123,20,61,60,4,3,CTAGTGCAGGTGCTCGGAAC,,,,,
121,gnl|dbSNP|rsNW_022589721.1_31747286,1,SNP flanking,FORWARD,74,20,60.22,55,3,3,TCACCCCTCGCTGTAGAATC,83,200,200,3,0
122,gnl|dbSNP|rsNW_022589721.1_31747286,1,SNP flanking,REVERSE,156,20,60.29,55,4,2,AGGTCGATGTGCCTGTTAGC,,,,,
123,gnl|dbSNP|rsNW_022589721.1_32189931,1,SNP flanking,FORWARD,71,20,60.86,60,3,2,CCTCCTGTCCTCACAACTGC,95,200,200,4,2
124,gnl|dbSNP|rsNW_022589721.1_32189931,1,SNP flanking,REVERSE,165,20,62.13,45,4,2,GTTTGGGTTCGCGTTTGAAT,,,,,
125,gnl|dbSNP|rsNW_022589721.1_32190081,1,SNP flanking,FORWARD,66,21,60.84,47.62,8,1,GCTGCAGCAGACAAAAGCTAA,74,200,200,5,3
126,gnl|dbSNP|rsNW_022589721.1_32190081,1,SNP flanking,REVERSE,139,20,62.95,65,6,0,GGTCCCCTGGTACCTCTTGG,,,,,
127,gnl|dbSNP|rsNW_022589721.1_32210297,1,SNP flanking,FORWARD,50,20,59.7,55,3,3,GCCAAGTCCAAAGAGGTGAC,75,200,200,3,1
128,gnl|dbSNP|rsNW_022589721.1_32210297,1,SNP flanking,REVERSE,124,20,59.97,55,4,0,CAGGAGCATAAGAGGCCAAG,,,,,
129,gnl|dbSNP|rsNW_022589721.1_32668604,1,SNP flanking,FORWARD,55,20,59.01,50,3,1,AGCCTTCCTCTTTGTCCTCA,92,200,200,5,1
130,gnl|dbSNP|rsNW_022589721.1_32668604,1,SNP flanking,REVERSE,146,20,60.44,50,5,3,TGAAGAACACAGCCACTGGA,,,,,
131,gnl|dbSNP|rsNW_022589721.1_32838835,1,SNP flanking,FORWARD,59,20,59.34,60,3,2,GCAGGCAGAGGAGACTTAGC,78,200,200,5,3
132,gnl|dbSNP|rsNW_022589721.1_32838835,1,SNP flanking,REVERSE,136,20,61.47,60,3,2,CAGTCCCCATCCTGAGTCCT,,,,,
133,gnl|dbSNP|rsNW_022589721.1_33259884,1,SNP flanking,FORWARD,53,20,59.93,50,5,2,GGATCAAGGTGATGGCAACT,73,200,200,4,2
134,gnl|dbSNP|rsNW_022589721.1_33259884,1,SNP flanking,REVERSE,125,20,60,55,5,1,AGTACCCGGTGCATTCAGTC,,,,,
135,gnl|dbSNP|rsNW_022589721.1_33785055,1,SNP flanking,FORWARD,38,21,59.62,52.38,2,0,AAAGGGAGACGAGTGTTAGGG,93,200,200,5,1
136,gnl|dbSNP|rsNW_022589721.1_33785055,1,SNP flanking,REVERSE,130,20,60.56,55,6,2,CGCAGCAGGTATCTCTTCGT,,,,,
137,gnl|dbSNP|rsNW_022589721.1_33844903,1,SNP flanking,FORWARD,29,20,59.53,55,5,3,GAACTCCTGGCCTTCTCTGA,97,200,200,6,2
138,gnl|dbSNP|rsNW_022589721.1_33844903,1,SNP flanking,REVERSE,125,20,59.22,55,5,3,GCTTAACTGGAAGCCAGCTC,,,,,
139,gnl|dbSNP|rsNW_022589721.1_33845054,1,SNP flanking,FORWARD,58,24,58.52,41.67,5,3,GGAAGAAAGAACATTACAGACTGC,100,200,200,5,1
140,gnl|dbSNP|rsNW_022589721.1_33845054,1,SNP flanking,REVERSE,157,20,59.76,50,5,0,ATAGCACCGTGGTTTCTGCT,,,,,
141,gnl|dbSNP|rsNW_022589721.1_33921050,1,SNP flanking,FORWARD,80,20,59.6,55,6,2,AGCTGAAGGCACTTGAGACC,54,200,200,4,3
142,gnl|dbSNP|rsNW_022589721.1_33921050,1,SNP flanking,REVERSE,133,21,59.96,47.62,5,3,CAAGGAGGGACAAAAGTTTCC,,,,,
143,gnl|dbSNP|rsNW_022589721.1_34063776,1,SNP flanking,FORWARD,31,20,58.29,40,6,2,TGCATTTGTAAAAGCCCTGT,95,200,200,4,2
144,gnl|dbSNP|rsNW_022589721.1_34063776,1,SNP flanking,REVERSE,125,20,62.14,60,8,0,CTCCTGGCCAGTCCTCAAAC,,,,,
145,gnl|dbSNP|rsNW_022589721.1_34145329,1,SNP flanking,FORWARD,74,20,60.9,65,2,0,GGAGTGGTAGGGGGTGAGAG,81,200,200,2,0
146,gnl|dbSNP|rsNW_022589721.1_34145329,1,SNP flanking,REVERSE,154,22,59.87,40.91,4,0,GGTGTGGACATGAATAAAAGCA,,,,,
147,gnl|dbSNP|rsNW_022589721.1_34238482,1,SNP flanking,FORWARD,60,20,60.01,60,3,3,CTCGGGCTACTCTTCCACTG,72,200,200,3,2
148,gnl|dbSNP|rsNW_022589721.1_34238482,1,SNP flanking,REVERSE,131,20,58.62,55,5,0,AGTCTCAGAAAGGGCTCTGG,,,,,
149,gnl|dbSNP|rsNW_022589721.1_34538939,1,SNP flanking,FORWARD,70,20,60.03,60,2,0,AGCGAGAGCACAGAGAGAGG,95,200,200,3,1
150,gnl|dbSNP|rsNW_022589721.1_34538939,1,SNP flanking,REVERSE,164,20,60.79,45,4,3,AATGGATTTTTGGGGGTGAC,,,,,
151,gnl|dbSNP|rsNW_022589721.1_34688433,1,SNP flanking,FORWARD,70,20,59.8,50,3,0,ATCCAGCCACAGAAGAGGAA,96,200,200,3,0
152,gnl|dbSNP|rsNW_022589721.1_34688433,1,SNP flanking,REVERSE,165,20,59.77,40,6,2,CATTGCAAAAGGGGGAAATA,,,,,
153,gnl|dbSNP|rsNW_022589721.1_34805889,1,SNP flanking,FORWARD,24,20,59.99,55,7,3,GCTCTGGAAGTTCCGTTCAG,98,200,200,5,1
154,gnl|dbSNP|rsNW_022589721.1_34805889,1,SNP flanking,REVERSE,121,20,61.1,55,2,2,GAGCCAAACGGGTGAGTGTA,,,,,
155,gnl|dbSNP|rsNW_022589721.1_34889334,1,SNP flanking,FORWARD,49,20,60,55,4,0,GGACATAAGGGTGCGTGTCT,88,200,200,4,2
156,gnl|dbSNP|rsNW_022589721.1_34889334,1,SNP flanking,REVERSE,136,20,60.39,60,4,0,GCCACCTGGGACATCTACAC,,,,,
157,gnl|dbSNP|rsNW_022589721.1_34919592,1,SNP flanking,FORWARD,57,20,59.82,55,2,0,CGAGGTGTGATGAGTGAGGA,69,200,200,5,3
158,gnl|dbSNP|rsNW_022589721.1_34919592,1,SNP flanking,REVERSE,125,20,61.55,55,5,3,GAACACGTCACCGTTTCCTG,,,,,
159,gnl|dbSNP|rsNW_022589722.1_8909314,1,SNP flanking,FORWARD,63,20,59.91,55,5,3,TCCTCCCTCAGGTCTCTGAA,80,200,200,3,2
160,gnl|dbSNP|rsNW_022589722.1_8909314,1,SNP flanking,REVERSE,142,20,60.02,45,4,2,ACGCGCTTTGGAACTCTTTA,,,,,
161,gnl|dbSNP|rsNW_022589722.1_16921458,1,SNP flanking,FORWARD,48,20,59.98,55,8,3,CCTCAGCATCTGTGAGGTGA,80,200,200,4,2
162,gnl|dbSNP|rsNW_022589722.1_16921458,1,SNP flanking,REVERSE,127,21,58.88,52.38,8,0,GAGAGTTCACTCTGCCATTCC,,,,,
163,gnl|dbSNP|rsNW_022589722.1_16921602,1,SNP flanking,FORWARD,50,20,60.22,55,4,2,AGAGAGCCCACCCTCTTGAT,77,200,200,5,2
164,gnl|dbSNP|rsNW_022589722.1_16921602,1,SNP flanking,REVERSE,126,20,59.03,55,5,2,TAAGAGACAGGCTGGACACG,,,,,
165,gnl|dbSNP|rsNW_022589722.1_17536390,1,SNP flanking,FORWARD,29,20,60.13,55,2,0,GTTGTTGGGGGTGTTGGTAG,98,200,200,3,1
166,gnl|dbSNP|rsNW_022589722.1_17536390,1,SNP flanking,REVERSE,126,21,57.82,52.38,5,2,ACCTGTCACTGGATGTAGCTG,,,,,
167,gnl|dbSNP|rsNW_022589722.1_17848560,1,SNP flanking,FORWARD,64,20,59.85,45,8,3,AAGGTCAAGCGACCTTGAAA,88,200,200,3,2
168,gnl|dbSNP|rsNW_022589722.1_17848560,1,SNP flanking,REVERSE,151,20,59.82,50,4,2,GGAGAAAATGTGCAGGAAGC,,,,,
169,gnl|dbSNP|rsNW_022589722.1_18324473,1,SNP flanking,FORWARD,68,25,57.75,40,5,3,CACAGAGAAGAAATTGTTAGTCTCC,81,200,200,5,3
170,gnl|dbSNP|rsNW_022589722.1_18324473,1,SNP flanking,REVERSE,148,20,60.43,50,2,1,CAGCAGAGGGCAAACAAAGT,,,,,
171,gnl|dbSNP|rsNW_022589722.1_19344630,1,SNP flanking,FORWARD,24,21,60.4,52.38,5,3,TCAGCAGTTGGGTCTCATCTC,98,200,200,4,0
172,gnl|dbSNP|rsNW_022589722.1_19344630,1,SNP flanking,REVERSE,121,20,58.52,60,4,2,AGCCTCCCTCCTCCTCTAGT,,,,,
173,gnl|dbSNP|rsNW_022589722.1_21072406,1,SNP flanking,FORWARD,77,20,62.43,65,4,0,CTAGCGCAGGGAGACAGACC,87,200,200,4,0
174,gnl|dbSNP|rsNW_022589722.1_21072406,1,SNP flanking,REVERSE,163,20,60.63,55,5,0,AAGACAGCCCTCCAGGAAAC,,,,,
175,gnl|dbSNP|rsNW_022589722.1_22585444,1,SNP flanking,FORWARD,59,20,60.55,60,7,3,TACAGCTGCTGGGAGAGTCC,75,200,200,5,2
176,gnl|dbSNP|rsNW_022589722.1_22585444,1,SNP flanking,REVERSE,133,22,59.94,54.55,7,0,CGCTGACAGTCATACTCACCTC,,,,,
177,gnl|dbSNP|rsNW_022589722.1_23076305,1,SNP flanking,FORWARD,72,21,58.79,38.1,6,1,CAATGGAAATTTTACCCTGGA,65,200,200,5,1
178,gnl|dbSNP|rsNW_022589722.1_23076305,1,SNP flanking,REVERSE,136,20,59.43,50,4,1,GCCTGAAACCTTGGTAATGG,,,,,
179,gnl|dbSNP|rsNW_022589722.1_23477393,1,SNP flanking,FORWARD,71,20,61.01,60,3,3,CGACAAGGACACCTGCTCTC,62,200,200,5,3
180,gnl|dbSNP|rsNW_022589722.1_23477393,1,SNP flanking,REVERSE,132,23,59.77,39.13,5,3,TCAAATCAGGTTCAAGACAGTCA,,,,,
181,gnl|dbSNP|rsNW_022589722.1_23525110,1,SNP flanking,FORWARD,67,20,60.31,50,2,0,AATCCTCCGTTTCCCTGTTC,86,200,200,3,0
182,gnl|dbSNP|rsNW_022589722.1_23525110,1,SNP flanking,REVERSE,152,20,60.17,45,4,2,TTGATCCTGGTCCCAAATGT,,,,,
183,gnl|dbSNP|rsNW_022589722.1_23554694,1,SNP flanking,FORWARD,57,20,58.7,50,6,1,TACGTCTGGCCACGTTTTAC,100,200,200,6,2
184,gnl|dbSNP|rsNW_022589722.1_23554694,1,SNP flanking,REVERSE,156,21,58.71,47.62,5,1,CCATTGGTCAGAACTCAGTCA,,,,,
185,gnl|dbSNP|rsNW_022589722.1_24189773,1,SNP flanking,FORWARD,71,20,59.99,55,5,0,TGAAGCTGAGGGTCAGAGGT,70,200,200,5,2
186,gnl|dbSNP|rsNW_022589722.1_24189773,1,SNP flanking,REVERSE,140,20,59.76,55,6,0,CTGCCTCATGATCTCCTTCC,,,,,
187,gnl|dbSNP|rsNW_022589722.1_24810808,1,SNP flanking,FORWARD,40,20,60.75,55,5,3,CCTGGATGACACTCGTCACA,86,200,200,7,2
188,gnl|dbSNP|rsNW_022589722.1_24810808,1,SNP flanking,REVERSE,125,20,59.66,60,4,2,GCTCAGGAGGAGAGTCAGGA,,,,,
189,gnl|dbSNP|rsNW_022589722.1_24896621,1,SNP flanking,FORWARD,69,20,60.27,55,5,0,GCGACCCTGTGTCTCATCTT,86,200,200,4,0
190,gnl|dbSNP|rsNW_022589722.1_24896621,1,SNP flanking,REVERSE,154,20,59.84,55,5,1,CACTCCTTTTCAGGCTGTCC,,,,,
191,gnl|dbSNP|rsNW_022589722.1_25028225,1,SNP flanking,FORWARD,72,20,57.7,45,4,2,AAAGAAACCCTCCTCGATGT,100,200,200,4,2
192,gnl|dbSNP|rsNW_022589722.1_25028225,1,SNP flanking,REVERSE,171,20,60.56,60,3,3,CACCTCTTACCCCGTGAGTG,,,,,
193,gnl|dbSNP|rsNW_022589722.1_25785730,1,SNP flanking,FORWARD,60,20,59.29,50,3,2,GAGACTGGGCGTGAAAGATT,68,200,200,4,1
194,gnl|dbSNP|rsNW_022589722.1_25785730,1,SNP flanking,REVERSE,127,20,59.25,50,5,3,CCCTCAGGAAAAAGTCCAGA,,,,,
195,gnl|dbSNP|rsNW_022589722.1_25816632,1,SNP flanking,FORWARD,44,20,60.54,45,4,3,TGTCTGCTGATGGCTTTCAA,80,200,200,4,1
196,gnl|dbSNP|rsNW_022589722.1_25816632,1,SNP flanking,REVERSE,123,21,58.91,57.14,4,3,GGACTAGACTGATGGGCTGAG,,,,,
197,gnl|dbSNP|rsNW_022589722.1_26205792,1,SNP flanking,FORWARD,68,20,60.69,55,4,0,GGGTCAGAGGCTTTTGTGTG,77,200,200,2,1
198,gnl|dbSNP|rsNW_022589722.1_26205792,1,SNP flanking,REVERSE,144,20,60.35,55,4,3,CCGTATGCGTGGATAGTTCC,,,,,
199,gnl|dbSNP|rsNW_022589722.1_27384786,1,SNP flanking,FORWARD,49,20,59.37,60,0,0,GGGAGGAGGAGGAAGAGAAG,83,200,200,3,0
200,gnl|dbSNP|rsNW_022589722.1_27384786,1,SNP flanking,REVERSE,131,20,59.99,55,6,3,AGTAGTCCATGGCCACAAGG,,,,,
201,gnl|dbSNP|rsNW_022589722.1_27898721,1,SNP flanking,FORWARD,63,20,59.87,50,4,3,AAGCCCAAGTCTGAGCACAT,87,200,200,7,3
202,gnl|dbSNP|rsNW_022589722.1_27898721,1,SNP flanking,REVERSE,149,20,62.28,60,3,3,GACTTGCGGAGACCTGGAAG,,,,,
203,gnl|dbSNP|rsNW_022589722.1_28289472,1,SNP flanking,FORWARD,38,20,59.54,55,4,0,GGTGCTCCTATTCCCCTCTT,85,200,200,6,0
204,gnl|dbSNP|rsNW_022589722.1_28289472,1,SNP flanking,REVERSE,122,20,59.99,60,4,1,GTCAGAGGTGAGGCTTCCTG,,,,,
205,gnl|dbSNP|rsNW_022589722.1_28453923,1,SNP flanking,FORWARD,70,21,60.05,52.38,8,3,GCTCAAGGTGCACTTGTTCTC,66,200,200,5,2
206,gnl|dbSNP|rsNW_022589722.1_28453923,1,SNP flanking,REVERSE,135,20,59.48,50,5,1,TTCCTGGAGGGGAATACTGA,,,,,
207,gnl|dbSNP|rsNW_022589722.1_28645435,1,SNP flanking,FORWARD,56,20,60.14,60,5,3,CGAGAAGCCAGAGACTGTCC,78,200,200,4,1
208,gnl|dbSNP|rsNW_022589722.1_28645435,1,SNP flanking,REVERSE,133,20,61.73,50,3,3,CCTTGGCACTCAAAGCAATG,,,,,
209,gnl|dbSNP|rsNW_022589722.1_28653529,1,SNP flanking,FORWARD,75,20,61.45,55,3,3,ACTGAAGGTCTGGGGCAAAC,88,200,200,5,1
210,gnl|dbSNP|rsNW_022589722.1_28653529,1,SNP flanking,REVERSE,162,20,60.03,55,3,2,TGTGACCAGAGACACGAAGC,,,,,
211,gnl|dbSNP|rsNW_022589722.1_28890452,1,SNP flanking,FORWARD,69,20,59.99,55,2,0,TGACTGCTCTCCCTTCCTGT,75,200,200,5,2
212,gnl|dbSNP|rsNW_022589722.1_28890452,1,SNP flanking,REVERSE,143,21,59.76,47.62,4,1,GGGATCAAGGAAAAGATGGTC,,,,,
213,gnl|dbSNP|rsNW_022589722.1_28890575,1,SNP flanking,FORWARD,60,20,60.65,60,3,0,GGGACTCTCCTGTTCCGTCT,88,200,200,4,1
214,gnl|dbSNP|rsNW_022589722.1_28890575,1,SNP flanking,REVERSE,147,20,60.22,50,4,2,AGCCATCCAGATTGAGTTCG,,,,,
215,gnl|dbSNP|rsNW_022589722.1_28899454,1,SNP flanking,FORWARD,51,20,60.71,60,4,2,GGTACAGGGTGCTGAAGACG,75,200,200,5,1
216,gnl|dbSNP|rsNW_022589722.1_28899454,1,SNP flanking,REVERSE,125,20,60.15,55,4,2,ACTTCAACCCGGACTGTGAG,,,,,
217,gnl|dbSNP|rsNW_022589722.1_29026548,1,SNP flanking,FORWARD,64,20,59.91,50,5,3,AGCTTTGGGAAGCACTGTGT,86,200,200,5,2
218,gnl|dbSNP|rsNW_022589722.1_29026548,1,SNP flanking,REVERSE,149,20,60.51,55,6,1,CAGGTAAAGCCATGGGACAG,,,,,
219,gnl|dbSNP|rsNW_022589722.1_29461456,1,SNP flanking,FORWARD,73,20,61.43,60,5,3,CCCACTCAGGATGTGTCACC,99,200,200,4,1
220,gnl|dbSNP|rsNW_022589722.1_29461456,1,SNP flanking,REVERSE,171,20,60.13,55,2,2,ATAAGCACACCGACCTCCAG,,,,,
221,gnl|dbSNP|rsNW_022589722.1_29461589,1,SNP flanking,FORWARD,52,20,60.28,60,7,3,CTGGGAGAAGAGCAGCTCAC,82,200,200,4,1
222,gnl|dbSNP|rsNW_022589722.1_29461589,1,SNP flanking,REVERSE,133,20,59.7,55,3,0,CAGGTGACAGGAGTGTGGAA,,,,,
223,gnl|dbSNP|rsNW_022589722.1_29584293,1,SNP flanking,FORWARD,80,20,59.72,55,4,2,TCTCCTAGAGCGAGGTTTGC,71,200,200,4,1
224,gnl|dbSNP|rsNW_022589722.1_29584293,1,SNP flanking,REVERSE,150,20,60.51,55,4,0,CGGACCCGAGACTGTAAATG,,,,,
225,gnl|dbSNP|rsNW_022589722.1_29869507,1,SNP flanking,FORWARD,46,21,60.06,47.62,4,1,TGATCTTTCCTCCACATCCTG,93,200,200,2,0
226,gnl|dbSNP|rsNW_022589722.1_29869507,1,SNP flanking,REVERSE,138,20,59.67,55,2,2,CCTCTGCCCCCTTTCTCTAT,,,,,
227,gnl|dbSNP|rsNW_022589722.1_29987609,1,SNP flanking,FORWARD,60,20,59.78,50,4,2,ACGAGAGAGCTGTGCAAACA,72,200,200,6,2
228,gnl|dbSNP|rsNW_022589722.1_29987609,1,SNP flanking,REVERSE,131,20,60.11,55,4,2,GTACCCAGGCTCTTTGGTGA,,,,,
229,gnl|dbSNP|rsNW_022589722.1_30102886,1,SNP flanking,FORWARD,52,20,60.52,55,3,2,TCTCAGCCTCTTTCCACCTG,74,200,200,3,1
230,gnl|dbSNP|rsNW_022589722.1_30102886,1,SNP flanking,REVERSE,125,20,60.09,55,3,2,TCTCCCCACTGTCCTTGAAC,,,,,
231,gnl|dbSNP|rsNW_022589722.1_30339518,1,SNP flanking,FORWARD,51,20,59.9,55,4,2,GGGAGGGATAAAGCTGGTTC,90,200,200,5,3
232,gnl|dbSNP|rsNW_022589722.1_30339518,1,SNP flanking,REVERSE,140,20,60.61,60,8,2,AGAGCCAGTCCTGTCTCACG,,,,,
233,gnl|dbSNP|rsNW_022589722.1_30850974,1,SNP flanking,FORWARD,45,20,59.38,50,4,0,AGGGATTCATGGTCGTGTCT,77,200,200,3,0
234,gnl|dbSNP|rsNW_022589722.1_30850974,1,SNP flanking,REVERSE,121,20,60.77,55,6,2,GGTAGAGCGATGCTCATTGG,,,,,
235,gnl|dbSNP|rsNW_022589722.1_31506008,1,SNP flanking,FORWARD,51,20,61.92,55,3,2,GGGGTGGGGTTCACTTGTAA,75,200,200,3,1
236,gnl|dbSNP|rsNW_022589722.1_31506008,1,SNP flanking,REVERSE,125,20,59.95,60,2,1,GACCGAGGATGAGCAGAGAC,,,,,
237,gnl|dbSNP|rsNW_022589722.1_31521756,1,SNP flanking,FORWARD,59,20,59.77,60,4,2,CTGCCTCTCCAGCTACGAGT,66,200,200,4,1
238,gnl|dbSNP|rsNW_022589722.1_31521756,1,SNP flanking,REVERSE,124,20,60.11,50,3,2,TGTGGTGTCCTTGAGCCATA,,,,,
239,gnl|dbSNP|rsNW_022589722.1_31747426,1,SNP flanking,FORWARD,68,20,60.5,55,3,0,CAGGTGACTGGGGAAATGAG,55,200,200,5,0
240,gnl|dbSNP|rsNW_022589722.1_31747426,1,SNP flanking,REVERSE,122,20,60.53,55,7,3,ATGACCTCTGGGTCACAGGA,,,,,
241,gnl|dbSNP|rsNW_022589722.1_32147924,1,SNP flanking,FORWARD,71,20,61.55,55,6,2,CTGAAGCCCTTCCCACAGAT,90,200,200,5,2
242,gnl|dbSNP|rsNW_022589722.1_32147924,1,SNP flanking,REVERSE,160,20,61.41,55,5,2,GTGCGTCTGAGGATGCAGAT,,,,,
243,gnl|dbSNP|rsNW_022589722.1_32373953,1,SNP flanking,FORWARD,49,20,60.72,50,8,0,GCCCATGGGATTACAACAGA,74,200,200,5,2
244,gnl|dbSNP|rsNW_022589722.1_32373953,1,SNP flanking,REVERSE,122,20,60.34,60,2,0,GCCTCTCCCTGTTTCTCCTC,,,,,
245,gnl|dbSNP|rsNW_022589722.1_32388848,1,SNP flanking,FORWARD,57,20,59.72,55,3,1,TCCCCCAGCACTACTCAACT,80,200,200,4,0
246,gnl|dbSNP|rsNW_022589722.1_32388848,1,SNP flanking,REVERSE,136,20,60.9,55,5,2,AAGAGCAACCTTCCCTGCTC,,,,,
247,gnl|dbSNP|rsNW_022589722.1_32877133,1,SNP flanking,FORWARD,76,20,59.67,50,4,1,CTTTCCATGAGCAGGTTTCC,82,200,200,6,3
248,gnl|dbSNP|rsNW_022589722.1_32877133,1,SNP flanking,REVERSE,157,20,59.81,45,3,0,AATCCGTGAGAAAGCCTGAA,,,,,
249,gnl|dbSNP|rsNW_022589722.1_32887706,1,SNP flanking,FORWARD,38,20,59.94,50,2,0,GGTGGGAGACAAACAAAGGA,96,200,200,4,2
250,gnl|dbSNP|rsNW_022589722.1_32887706,1,SNP flanking,REVERSE,133,20,60,55,8,3,TCTGTGCTCAGAGAGCTCCA,,,,,
251,gnl|dbSNP|rsNW_022589722.1_33004402,1,SNP flanking,FORWARD,78,20,62.15,65,2,1,CTGCCCTACCACTCCTCCTG,93,200,200,3,1
252,gnl|dbSNP|rsNW_022589722.1_33004402,1,SNP flanking,REVERSE,170,20,60.35,60,3,0,GCCCCTAACTCTGGCTCTTC,,,,,
253,gnl|dbSNP|rsNW_022589722.1_33107757,1,SNP flanking,FORWARD,74,20,60.81,60,6,2,CTGTGATCAGGCTCCGTAGG,100,200,200,4,2
254,gnl|dbSNP|rsNW_022589722.1_33107757,1,SNP flanking,REVERSE,173,20,58.33,50,5,3,GGGCAGGGAGAGATTTTCTA,,,,,
255,gnl|dbSNP|rsNW_022589722.1_33147145,1,SNP flanking,FORWARD,29,20,59.23,55,3,3,TTTCTCTCCCCCTGTGAGTC,99,200,200,5,2
256,gnl|dbSNP|rsNW_022589722.1_33147145,1,SNP flanking,REVERSE,127,20,58.82,55,4,0,GGAGATCGGAAGTGAAGGAG,,,,,
257,gnl|dbSNP|rsNW_022589722.1_33308835,1,SNP flanking,FORWARD,25,21,59.94,52.38,1,1,TCTTCCCCTCCTCTCTTTCTG,100,200,200,5,2
258,gnl|dbSNP|rsNW_022589722.1_33308835,1,SNP flanking,REVERSE,124,20,60.01,50,3,3,AAGTGTTTTGTGGGCAGACC,,,,,
259,gnl|dbSNP|rsNW_022589722.1_33387720,1,SNP flanking,FORWARD,54,20,60.06,50,5,0,TGCAAAGTGCAACCAGCTAC,75,200,200,4,1
260,gnl|dbSNP|rsNW_022589722.1_33387720,1,SNP flanking,REVERSE,128,20,59.59,50,8,0,CTGCAGATGCAGAAACCAAG,,,,,
261,gnl|dbSNP|rsNW_022589722.1_33565150,1,SNP flanking,FORWARD,37,20,62.16,65,6,1,CTCACGTCAGGCTCCCTACC,100,200,200,4,2
262,gnl|dbSNP|rsNW_022589722.1_33565150,1,SNP flanking,REVERSE,136,22,59.63,45.45,4,1,CAAAATGCAGGTGATACTCAGG,,,,,
263,gnl|dbSNP|rsNW_022589722.1_33593715,1,SNP flanking,FORWARD,43,21,59.63,47.62,3,1,TTCCCACTTGACTTGTGTGTG,98,200,200,4,1
264,gnl|dbSNP|rsNW_022589722.1_33593715,1,SNP flanking,REVERSE,140,20,59.28,60,3,1,GTGAGTGTGGTGGCTCTGTC,,,,,
265,gnl|dbSNP|rsNW_022589722.1_33645416,1,SNP flanking,FORWARD,80,20,61.17,60,5,3,GCAGCTCTGAGAACCGTGTC,65,200,200,6,0
266,gnl|dbSNP|rsNW_022589722.1_33645416,1,SNP flanking,REVERSE,144,20,59.24,55,4,2,GGGAAGCTCCATCTCAGGTA,,,,,
267,gnl|dbSNP|rsNW_022589722.1_33690783,1,SNP flanking,FORWARD,43,20,59.97,60,2,2,TCTCTGCCTCTCTCCTCTGC,94,200,200,4,3
268,gnl|dbSNP|rsNW_022589722.1_33690783,1,SNP flanking,REVERSE,136,20,60.17,60,6,0,AGGTACAGCTGGTGGTGAGG,,,,,
269,gnl|dbSNP|rsNW_022589722.1_33733896,1,SNP flanking,FORWARD,80,20,61.05,55,5,0,AAGGTCATCTGTGCCCTCCT,92,200,200,5,1
270,gnl|dbSNP|rsNW_022589722.1_33733896,1,SNP flanking,REVERSE,171,21,59.31,57.14,3,2,GACGGGACCTCTCACTACAGA,,,,,
271,gnl|dbSNP|rsNW_022589722.1_33804004,1,SNP flanking,FORWARD,62,20,59.73,50,4,3,ATTTCCGTCCAGCACTGTCT,100,200,200,4,0
272,gnl|dbSNP|rsNW_022589722.1_33804004,1,SNP flanking,REVERSE,161,20,60.5,55,3,1,TCAGGGCGACTCTCATTCTC,,,,,
273,gnl|dbSNP|rsNW_022589722.1_33998729,1,SNP flanking,FORWARD,38,20,59.99,50,3,1,AGAAAGGAAGGACGCAGTGA,88,200,200,4,3
274,gnl|dbSNP|rsNW_022589722.1_33998729,1,SNP flanking,REVERSE,125,20,58.8,60,4,3,AGTAGCTCTCGCTGGGACTC,,,,,
275,gnl|dbSNP|rsNW_022589722.1_34350093,1,SNP flanking,FORWARD,46,20,60.57,50,6,0,CCCAACGTATGCAGACACAA,78,200,200,5,3
276,gnl|dbSNP|rsNW_022589722.1_34350093,1,SNP flanking,REVERSE,123,20,59.3,55,3,2,AGTGAACAGGGGTCTTCTGC,,,,,
277,gnl|dbSNP|rsNW_022589722.1_34576669,1,SNP flanking,FORWARD,59,20,62.26,60,3,1,CAGTGGGGCTTCCTCTCTTG,92,200,200,4,2
278,gnl|dbSNP|rsNW_022589722.1_34576669,1,SNP flanking,REVERSE,150,20,60.17,45,6,2,GCATCGAAAAAGGCCTATCA,,,,,
279,gnl|dbSNP|rsNW_022589722.1_34615186,1,SNP flanking,FORWARD,58,20,60.19,50,7,0,CTTCCGTCAGGAAGGATGAA,85,200,200,4,3
280,gnl|dbSNP|rsNW_022589722.1_34615186,1,SNP flanking,REVERSE,142,20,60.76,55,2,1,GCAGGAGGGCTTTACTTCGT,,,,,
281,gnl|dbSNP|rsNW_022589722.1_34616327,1,SNP flanking,FORWARD,72,20,60.3,50,4,2,ATGTGCAGACACCAGCGATA,71,200,200,6,3
282,gnl|dbSNP|rsNW_022589722.1_34616327,1,SNP flanking,REVERSE,142,20,60.06,50,4,2,AAGGAACTGCGTGCTGTCTT,,,,,
283,gnl|dbSNP|rsNW_022589723.1_2212718,1,SNP flanking,FORWARD,62,20,62.67,55,4,3,GAATCACCGCCTCTGCTGAT,98,200,200,6,2
284,gnl|dbSNP|rsNW_022589723.1_2212718,1,SNP flanking,REVERSE,159,20,60.74,50,4,2,AACCCAGCAGGAAAAAGAGC,,,,,
285,gnl|dbSNP|rsNW_022589723.1_7471296,1,SNP flanking,FORWARD,79,20,60.49,50,5,2,GGCTCAGAAAGGCAATGCTA,62,200,200,4,1
286,gnl|dbSNP|rsNW_022589723.1_7471296,1,SNP flanking,REVERSE,140,20,60.79,60,7,1,ACAGGAGGCCTGGCTTCTAC,,,,,
287,gnl|dbSNP|rsNW_022589723.1_8764209,1,SNP flanking,FORWARD,45,20,59.84,55,7,0,CCAGTCAGACTTTGCCTTCC,80,200,200,3,0
288,gnl|dbSNP|rsNW_022589723.1_8764209,1,SNP flanking,REVERSE,124,20,60.05,50,3,0,TTCTCATCAACTCCCGTTCC,,,,,
289,gnl|dbSNP|rsNW_022589723.1_9458978,1,SNP flanking,FORWARD,72,23,59.7,47.83,3,0,GCAGTCTCCCACACATCTTACTT,100,200,200,5,0
290,gnl|dbSNP|rsNW_022589723.1_9458978,1,SNP flanking,REVERSE,171,20,62.86,65,8,2,GGGAGCTCCTCTTCCTCAGC,,,,,
291,gnl|dbSNP|rsNW_022589723.1_9459823,1,SNP flanking,FORWARD,41,21,59.14,57.14,4,0,CCCTCTCATGTGCTCTCTCTC,100,200,200,5,0
292,gnl|dbSNP|rsNW_022589723.1_9459823,1,SNP flanking,REVERSE,140,22,57.74,40.91,4,3,GATAAGAGTTGCTGGGCTTAAA,,,,,
293,gnl|dbSNP|rsNW_022589723.1_10368560,1,SNP flanking,FORWARD,67,20,62.09,60,7,3,TAGCCAGAGGCAGCTTCTCC,71,200,200,6,1
294,gnl|dbSNP|rsNW_022589723.1_10368560,1,SNP flanking,REVERSE,137,21,60.32,52.38,4,2,CCTGCTCTTGCAGTTCTTCAG,,,,,
295,gnl|dbSNP|rsNW_022589723.1_12759458,1,SNP flanking,FORWARD,58,20,59.78,55,4,2,CAGCCTTGCCACTAGAGCTT,74,200,200,4,1
296,gnl|dbSNP|rsNW_022589723.1_12759458,1,SNP flanking,REVERSE,131,20,60.24,55,4,2,CATGTAGGGAGGCAGCAGAT,,,,,
297,gnl|dbSNP|rsNW_022589723.1_13743038,1,SNP flanking,FORWARD,78,21,61,52.38,4,3,CGATGACCATGTCCTGACTGT,89,200,200,5,3
298,gnl|dbSNP|rsNW_022589723.1_13743038,1,SNP flanking,REVERSE,166,20,60.16,55,4,3,GGGTTTGCTGAGGTCACACT,,,,,
299,gnl|dbSNP|rsNW_022589723.1_16103831,1,SNP flanking,FORWARD,41,20,61.3,55,2,0,TGCTTTCCCAGTCCTCCTCT,92,200,200,4,3
300,gnl|dbSNP|rsNW_022589723.1_16103831,1,SNP flanking,REVERSE,132,20,58.9,45,4,1,TGAAAAGGAAGTGCAAGTGG,,,,,
301,gnl|dbSNP|rsNW_022589723.1_28421687,1,SNP flanking,FORWARD,43,20,59.69,50,5,0,AGTGATCTGATGGCGAAGGT,81,200,200,4,2
302,gnl|dbSNP|rsNW_022589723.1_28421687,1,SNP flanking,REVERSE,123,20,60.22,55,6,2,CTCCAGCATCCTGATGTCCT,,,,,
303,gnl|dbSNP|rsNW_022589723.1_28956693,1,SNP flanking,FORWARD,33,20,59.95,55,3,3,CCTGGGGCTACTGTCATCAT,100,200,200,5,1
304,gnl|dbSNP|rsNW_022589723.1_28956693,1,SNP flanking,REVERSE,132,20,62.02,60,3,1,GGTCTTTGGCAGGAGGTGTC,,,,,
305,gnl|dbSNP|rsNW_022589723.1_29096754,1,SNP flanking,FORWARD,49,20,60.78,45,6,2,TTTGATGGCTTGCTCAAGGT,92,200,200,5,3
306,gnl|dbSNP|rsNW_022589723.1_29096754,1,SNP flanking,REVERSE,140,20,60.13,50,4,2,TGGAGCAGGTTTCAGAGCTT,,,,,
307,gnl|dbSNP|rsNW_022589723.1_29347865,1,SNP flanking,FORWARD,71,20,60.12,55,5,3,CCCTCATCATGTCACACTGC,91,200,200,4,2
308,gnl|dbSNP|rsNW_022589723.1_29347865,1,SNP flanking,REVERSE,161,21,57.84,42.86,4,0,TTTGTCACCACAAGAAAGGAG,,,,,
309,gnl|dbSNP|rsNW_022589723.1_30771038,1,SNP flanking,FORWARD,33,20,57.49,40,3,0,CCAGGGTTGTTGTTGTTTTT,90,200,200,4,0
310,gnl|dbSNP|rsNW_022589723.1_30771038,1,SNP flanking,REVERSE,122,20,60.34,65,1,0,CTCTCCCCTCTGTCCCTCTC,,,,,
311,gnl|dbSNP|rsNW_022589723.1_31907461,1,SNP flanking,FORWARD,62,20,59.42,55,4,3,TCTAAAGGTCCCAGCTCCTG,74,200,200,4,1
312,gnl|dbSNP|rsNW_022589723.1_31907461,1,SNP flanking,REVERSE,135,20,60.39,55,5,0,GGCCAGTGGACAGAGAGAAA,,,,,
313,gnl|dbSNP|rsNW_022589723.1_32513154,1,SNP flanking,FORWARD,62,20,59.62,55,4,2,GACAGCCAGTGCAAGCATAG,75,200,200,2,2
314,gnl|dbSNP|rsNW_022589723.1_32513154,1,SNP flanking,REVERSE,136,20,62.01,50,2,2,CAAGACCAAAAGCCCAAAGC,,,,,
315,gnl|dbSNP|rsNW_022589723.1_32549213,1,SNP flanking,FORWARD,72,20,59.59,50,4,2,TTACAGTGCCTGCTTCCAGA,78,200,200,5,1
316,gnl|dbSNP|rsNW_022589723.1_32549213,1,SNP flanking,REVERSE,149,20,60.26,55,4,0,CAGAGATGGGAGCTGTGGTT,,,,,
317,gnl|dbSNP|rsNW_022589723.1_33436594,1,SNP flanking,FORWARD,63,20,60.16,55,4,2,GCTGAAGGCAGACGCTTAAC,89,200,200,4,1
318,gnl|dbSNP|rsNW_022589723.1_33436594,1,SNP flanking,REVERSE,151,20,59.86,50,5,1,GGGGGATCTCTGTGATTTGA,,,,,
319,gnl|dbSNP|rsNW_022589723.1_34348610,1,SNP flanking,FORWARD,72,20,60.27,55,4,1,GACGATCCAGGTGCTCAAGT,71,200,200,5,1
320,gnl|dbSNP|rsNW_022589723.1_34348610,1,SNP flanking,REVERSE,142,20,60.4,55,4,0,GGGTGAACACAAGGGACAAG,,,,,
321,gnl|dbSNP|rsNW_022589723.1_34600647,1,SNP flanking,FORWARD,64,20,60.43,45,6,1,CCGCGGGAAATAAGAAAAGT,60,200,200,4,3
322,gnl|dbSNP|rsNW_022589723.1_34600647,1,SNP flanking,REVERSE,123,21,60,52.38,5,2,GGATAGGAGAGCAGCGTCTTT,,,,,
323,gnl|dbSNP|rsNW_022589723.1_34854650,1,SNP flanking,FORWARD,47,20,59.99,55,2,1,CATCACCTTGGGCACCTACT,91,200,200,5,1
324,gnl|dbSNP|rsNW_022589723.1_34854650,1,SNP flanking,REVERSE,137,20,61.22,55,2,0,AGAAAGGAGGGTGAGCGTGT,,,,,
325,gnl|dbSNP|rsNW_022589723.1_34924606,1,SNP flanking,FORWARD,74,20,62.91,60,3,2,GAGGCAGTGAGCGAGGACAT,69,200,200,4,3
326,gnl|dbSNP|rsNW_022589723.1_34924606,1,SNP flanking,REVERSE,142,20,60.79,60,4,0,GTGGAGCCCCTAGTTCTGCT,,,,,
327,gnl|dbSNP|rsNW_022589723.1_34973433,1,SNP flanking,FORWARD,52,25,57.93,28,6,0,TCCAATAAAACTTTACAAAAACAGG,75,200,200,4,1
328,gnl|dbSNP|rsNW_022589723.1_34973433,1,SNP flanking,REVERSE,126,20,59.87,60,3,2,GAGCCCAGAAGTAGGCACAC,,,,,
329,gnl|dbSNP|rsNW_022589723.1_35323581,1,SNP flanking,FORWARD,60,20,61.87,55,5,1,CACTTAGCCCTTTGGGCATC,96,200,200,4,1
330,gnl|dbSNP|rsNW_022589723.1_35323581,1,SNP flanking,REVERSE,155,20,61.99,60,4,2,GTCCCACTTCCCATCGAGAG,,,,,
331,gnl|dbSNP|rsNW_022589723.1_35401781,1,SNP flanking,FORWARD,36,20,59.22,45,6,2,GGGTTTCATCAAATGGGAAG,88,200,200,4,2
332,gnl|dbSNP|rsNW_022589723.1_35401781,1,SNP flanking,REVERSE,123,20,58.67,50,3,2,ATCAGCAGTCACAAGGGATG,,,,,
333,gnl|dbSNP|rsNW_022589723.1_35440275,1,SNP flanking,FORWARD,68,21,59.24,38.1,7,3,TGCTTCCATCATGGGAATTAT,75,200,200,4,0
334,gnl|dbSNP|rsNW_022589723.1_35440275,1,SNP flanking,REVERSE,142,20,59.5,55,4,2,AGAAGTAGGTGGGCAGCTTG,,,,,
335,gnl|dbSNP|rsNW_022589723.1_35538574,1,SNP flanking,FORWARD,54,20,60.34,50,4,2,TGGGGGTTCTAACAGGTTCA,76,200,200,3,2
336,gnl|dbSNP|rsNW_022589723.1_35538574,1,SNP flanking,REVERSE,129,20,60.94,55,4,1,GGGCAGCAGAGATCAAAGTG,,,,,
337,gnl|dbSNP|rsNW_022589723.1_35650334,1,SNP flanking,FORWARD,50,20,60.09,55,3,0,GGAACCAGTGAGGACTTGGA,77,200,200,5,3
338,gnl|dbSNP|rsNW_022589723.1_35650334,1,SNP flanking,REVERSE,126,20,59.7,55,3,1,GCACTGTCCCCAAGAAACTC,,,,,
339,gnl|dbSNP|rsNW_022589723.1_36575487,1,SNP flanking,FORWARD,55,20,61.28,55,4,2,AGTCTTGTGAGGGCATGACG,75,200,200,6,1
340,gnl|dbSNP|rsNW_022589723.1_36575487,1,SNP flanking,REVERSE,129,20,58.93,50,5,3,GGCATCAAAAGCCTCTTAGG,,,,,
341,gnl|dbSNP|rsNW_022589723.1_38176670,1,SNP flanking,FORWARD,79,21,57.82,42.86,4,3,CATGCTTCTGCTGCTAAAATC,72,200,200,3,1
342,gnl|dbSNP|rsNW_022589723.1_38176670,1,SNP flanking,REVERSE,150,20,60.06,55,5,3,AGCTGTGTTGCTCCTGAGGT,,,,,
343,gnl|dbSNP|rsNW_022589723.1_39185701,1,SNP flanking,FORWARD,69,20,60.3,50,8,0,CGAACAGTGCAATGTGAAGG,87,200,200,4,1
344,gnl|dbSNP|rsNW_022589723.1_39185701,1,SNP flanking,REVERSE,155,20,60.26,50,4,0,GCTTGGGTCAAATCTGTGCT,,,,,
345,gnl|dbSNP|rsNW_022589723.1_39369705,1,SNP flanking,FORWARD,40,20,59.79,55,2,2,TGGAGGAGGAGACGATGACT,81,200,200,5,3
346,gnl|dbSNP|rsNW_022589723.1_39369705,1,SNP flanking,REVERSE,120,20,61.3,60,3,0,CCTTCTCAGCCCTTCACCTC,,,,,
347,gnl|dbSNP|rsNW_022589723.1_39494465,1,SNP flanking,FORWARD,79,20,61.03,55,2,0,CCTCTCTTTTCTGCCCTGCT,79,200,200,5,2
348,gnl|dbSNP|rsNW_022589723.1_39494465,1,SNP flanking,REVERSE,157,20,60.77,55,4,2,GGGGTATGGGGAGGAACATA,,,,,
349,gnl|dbSNP|rsNW_022589723.1_39721342,1,SNP flanking,FORWARD,67,20,61.82,55,4,2,CAGGCTCAGGCCAAGAGATT,66,200,200,5,3
350,gnl|dbSNP|rsNW_022589723.1_39721342,1,SNP flanking,REVERSE,132,20,63,60,6,2,GTCAGTGGATGCCTCCTTGG,,,,,
351,gnl|dbSNP|rsNW_022589723.1_39723695,1,SNP flanking,FORWARD,70,20,60.08,50,4,0,CAACTTCCCCAGTCCTGAAA,75,200,200,7,3
352,gnl|dbSNP|rsNW_022589723.1_39723695,1,SNP flanking,REVERSE,144,20,59.15,55,4,0,ACCCAGGTCTGTGAAGAAGG,,,,,
353,gnl|dbSNP|rsNW_022589723.1_39934347,1,SNP flanking,FORWARD,56,20,59.8,50,3,2,TTCCTGCTCACCTTCCAGAT,100,200,200,4,2
354,gnl|dbSNP|rsNW_022589723.1_39934347,1,SNP flanking,REVERSE,155,20,59.98,50,2,1,TGTCGTCCATCTTCTTGCTG,,,,,
355,gnl|dbSNP|rsNW_022589723.1_40272278,1,SNP flanking,FORWARD,63,20,59.8,55,3,2,GGACAGATGCTCGCTTATCC,98,200,200,3,0
356,gnl|dbSNP|rsNW_022589723.1_40272278,1,SNP flanking,REVERSE,160,20,60.71,55,6,2,TACCTGCAGACCCTGACGTT,,,,,
357,gnl|dbSNP|rsNW_022589724.1_1365413,1,SNP flanking,FORWARD,71,20,60.22,55,5,3,AGCGTAAGCACTGTCCTGCT,91,200,200,5,3
358,gnl|dbSNP|rsNW_022589724.1_1365413,1,SNP flanking,REVERSE,161,20,59.91,60,2,2,AGGAGAGAGGGAGAGGATGC,,,,,
359,gnl|dbSNP|rsNW_022589724.1_4302058,1,SNP flanking,FORWARD,79,21,60.14,52.38,3,1,GGTTACTCCAAACTGGGTGGT,72,200,200,6,1
360,gnl|dbSNP|rsNW_022589724.1_4302058,1,SNP flanking,REVERSE,150,20,59.97,45,2,1,ATGGTGATGTTTGGCTGTGA,,,,,
361,gnl|dbSNP|rsNW_022589724.1_6809806,1,SNP flanking,FORWARD,63,20,60.01,50,4,2,TGATCCCGATGAAGAGGTTC,73,200,200,6,1
362,gnl|dbSNP|rsNW_022589724.1_6809806,1,SNP flanking,REVERSE,135,20,59.29,50,4,2,GCCTCCTTCGTGTTCAAGAT,,,,,
363,gnl|dbSNP|rsNW_022589724.1_8717141,1,SNP flanking,FORWARD,41,23,59.77,34.78,4,0,GCAAGAAAGAAAATGTCCTCAAA,99,200,200,5,0
364,gnl|dbSNP|rsNW_022589724.1_8717141,1,SNP flanking,REVERSE,139,20,59.31,55,3,2,CAGTGGAGGAACAACACAGC,,,,,
365,gnl|dbSNP|rsNW_022589724.1_12582666,1,SNP flanking,FORWARD,39,23,58.91,43.48,8,3,TCTTCCGTAAGAGCTAAGGCTAA,93,200,200,5,2
366,gnl|dbSNP|rsNW_022589724.1_12582666,1,SNP flanking,REVERSE,131,20,60.85,50,5,2,AATCAGTGAGCCTGGGGAAT,,,,,
367,gnl|dbSNP|rsNW_022589724.1_13123906,1,SNP flanking,FORWARD,50,20,60,50,7,0,TCCACCGTGGTCAAGTACAA,88,200,200,4,0
368,gnl|dbSNP|rsNW_022589724.1_13123906,1,SNP flanking,REVERSE,137,21,59.74,47.62,4,1,GCAGCTCAATGTCACCATACA,,,,,
369,gnl|dbSNP|rsNW_022589724.1_13337953,1,SNP flanking,FORWARD,58,20,59.04,55,5,2,TCACGTCTCCCTAAGGCTCT,73,200,200,3,2
370,gnl|dbSNP|rsNW_022589724.1_13337953,1,SNP flanking,REVERSE,130,20,59.93,45,5,2,AAAGGTCCTGATGCAAATGG,,,,,
371,gnl|dbSNP|rsNW_022589724.1_13478207,1,SNP flanking,FORWARD,60,20,59.03,45,2,0,AAAAGTGGACGGAGAAATGG,82,200,200,3,1
372,gnl|dbSNP|rsNW_022589724.1_13478207,1,SNP flanking,REVERSE,141,20,59.96,55,3,1,TAACCCGCTGTAGGGATGAC,,,,,
373,gnl|dbSNP|rsNW_022589724.1_13789587,1,SNP flanking,FORWARD,41,20,61.12,60,4,2,CCAGGGACGTGTAGTCAGGA,95,200,200,5,3
374,gnl|dbSNP|rsNW_022589724.1_13789587,1,SNP flanking,REVERSE,135,20,60.31,50,3,0,AAAATCCGACCCTCACCTTC,,,,,
375,gnl|dbSNP|rsNW_022589724.1_14263483,1,SNP flanking,FORWARD,70,20,58.77,50,4,2,TGGGAAGAACGAAGTGTACG,100,200,200,5,1
376,gnl|dbSNP|rsNW_022589724.1_14263483,1,SNP flanking,REVERSE,169,20,59.2,40,2,1,TTTCGTGTGCTTTTGGGTAA,,,,,
377,gnl|dbSNP|rsNW_022589724.1_14314608,1,SNP flanking,FORWARD,64,20,60.87,50,4,3,TGTGTGCGAACTATGGCAAG,99,200,200,5,1
378,gnl|dbSNP|rsNW_022589724.1_14314608,1,SNP flanking,REVERSE,162,20,60.91,55,5,2,GGATTCTGAGCAGCCATCTG,,,,,
379,gnl|dbSNP|rsNW_022589724.1_14411400,1,SNP flanking,FORWARD,43,20,60.01,60,3,3,GAGGCAGGTAAGGTGCTGAG,88,200,200,5,2
380,gnl|dbSNP|rsNW_022589724.1_14411400,1,SNP flanking,REVERSE,130,21,60.3,52.38,8,1,CCTGCAGGAAGTAAGGTCACA,,,,,
381,gnl|dbSNP|rsNW_022589724.1_14589775,1,SNP flanking,FORWARD,80,20,60.72,60,8,0,GACACCTGCAGGAAGACCAC,77,200,200,5,3
382,gnl|dbSNP|rsNW_022589724.1_14589775,1,SNP flanking,REVERSE,156,20,62.29,55,5,0,AGTCCTGGCCTCCTTGGTTT,,,,,
383,gnl|dbSNP|rsNW_022589724.1_16312083,1,SNP flanking,FORWARD,79,20,61.1,55,7,3,TGGGGAAAGTCAGACTGTGG,85,200,200,4,0
384,gnl|dbSNP|rsNW_022589724.1_16312083,1,SNP flanking,REVERSE,163,20,60.36,60,3,0,AGTCCCAACAGGGGTAGAGG,,,,,
385,gnl|dbSNP|rsNW_022589724.1_18585393,1,SNP flanking,FORWARD,40,20,60.01,60,3,1,GCTGGTCCTAAGTGGCTCTG,85,200,200,5,1
386,gnl|dbSNP|rsNW_022589724.1_18585393,1,SNP flanking,REVERSE,124,20,59.02,45,4,0,GGCCCAGGAAAGATACAAAA,,,,,
387,gnl|dbSNP|rsNW_022589724.1_18784677,1,SNP flanking,FORWARD,54,20,61,60,5,1,CTCAGAGGAAGGCACACCAG,92,200,200,5,3
388,gnl|dbSNP|rsNW_022589724.1_18784677,1,SNP flanking,REVERSE,145,20,60.12,55,4,0,GCAGTTCCATGAGAGGTGGT,,,,,
389,gnl|dbSNP|rsNW_022589724.1_18955151,1,SNP flanking,FORWARD,59,21,60.08,47.62,6,0,CCTGATCTTGATAAGCCACCA,76,200,200,7,3
390,gnl|dbSNP|rsNW_022589724.1_18955151,1,SNP flanking,REVERSE,134,20,60.97,60,4,2,CAGTCCTGCCCAGAGATCAG,,,,,
391,gnl|dbSNP|rsNW_022589724.1_19624659,1,SNP flanking,FORWARD,56,20,60,55,2,1,TCTCCTGCTCTGCTCACTCA,98,200,200,2,2
392,gnl|dbSNP|rsNW_022589724.1_19624659,1,SNP flanking,REVERSE,153,20,62.4,60,2,1,GGCTCCTCCTGCTCATTCTG,,,,,
393,gnl|dbSNP|rsNW_022589724.1_19748235,1,SNP flanking,FORWARD,76,20,59.92,55,5,3,ATGGGATCACTGTCCAGGAG,77,200,200,5,2
394,gnl|dbSNP|rsNW_022589724.1_19748235,1,SNP flanking,REVERSE,152,20,60.37,55,4,3,GTTCTCCGACATTGGGTGTC,,,,,
395,gnl|dbSNP|rsNW_022589724.1_20444713,1,SNP flanking,FORWARD,51,20,58.64,55,7,2,TCAGTGTCACAGAGGGTTCC,100,200,200,6,2
396,gnl|dbSNP|rsNW_022589724.1_20444713,1,SNP flanking,REVERSE,150,20,62.3,60,4,2,GTTCCCAGCTTCACCTCTGC,,,,,
397,gnl|dbSNP|rsNW_022589724.1_20765651,1,SNP flanking,FORWARD,46,20,62.93,55,5,3,AGCCAGCTTGTGAAGCCTTG,98,200,200,3,0
398,gnl|dbSNP|rsNW_022589724.1_20765651,1,SNP flanking,REVERSE,143,20,58.72,50,5,0,CCAAATGTGACTGTCCTGCT,,,,,
399,gnl|dbSNP|rsNW_022589724.1_22280607,1,SNP flanking,FORWARD,43,20,59.78,40,5,0,GTTTCCCAATGGACGAAAAA,80,200,200,3,2
400,gnl|dbSNP|rsNW_022589724.1_22280607,1,SNP flanking,REVERSE,122,20,59.43,55,4,0,GCACACACATGCTCCTTCTC,,,,,
401,gnl|dbSNP|rsNW_022589724.1_23017017,1,SNP flanking,FORWARD,63,20,60.46,45,4,1,ATGCACTTTCCCATCCAAGA,74,200,200,4,2
402,gnl|dbSNP|rsNW_022589724.1_23017017,1,SNP flanking,REVERSE,136,20,61.17,55,4,2,CACCCCGTTATGCACGTATC,,,,,
403,gnl|dbSNP|rsNW_022589724.1_25325300,1,SNP flanking,FORWARD,63,20,60.07,50,4,0,ATCACAGAAGGCCAAGGATG,92,200,200,4,1
404,gnl|dbSNP|rsNW_022589724.1_25325300,1,SNP flanking,REVERSE,154,20,60.66,55,4,3,GGTTCCAGATTCCTGCACTG,,,,,
405,gnl|dbSNP|rsNW_022589724.1_25351852,1,SNP flanking,FORWARD,63,20,61.27,60,3,2,CCCAGGCAGTGGAGACAGTA,62,200,200,4,0
406,gnl|dbSNP|rsNW_022589724.1_25351852,1,SNP flanking,REVERSE,124,20,60.58,50,4,2,GTGAACATCTGTGGGTGCAA,,,,,
407,gnl|dbSNP|rsNW_022589724.1_26024224,1,SNP flanking,FORWARD,79,20,59.99,60,4,0,CAGTTCTCCTGCACCTCCTC,67,200,200,4,1
408,gnl|dbSNP|rsNW_022589724.1_26024224,1,SNP flanking,REVERSE,145,20,59.86,50,2,0,TATGTTGACCTGCCTGCTTG,,,,,
409,gnl|dbSNP|rsNW_022589724.1_26213438,1,SNP flanking,FORWARD,77,20,61.9,55,4,2,AGGTGGCATCCAACAGTCCT,79,200,200,4,1
410,gnl|dbSNP|rsNW_022589724.1_26213438,1,SNP flanking,REVERSE,155,20,59.56,55,3,2,AACTCTGCCCTCATCTCAGC,,,,,
411,gnl|dbSNP|rsNW_022589724.1_26576532,1,SNP flanking,FORWARD,79,20,59.1,55,7,2,AGGAGATGAACTCCCAGGTG,60,200,200,5,1
412,gnl|dbSNP|rsNW_022589724.1_26576532,1,SNP flanking,REVERSE,138,20,60.41,60,2,0,TCCTCGCCTCACACCTCTAC,,,,,
413,gnl|dbSNP|rsNW_022589724.1_26591101,1,SNP flanking,FORWARD,62,20,59.19,55,5,3,AGGGAGAGGTAAGCTCAGCA,94,200,200,5,2
414,gnl|dbSNP|rsNW_022589724.1_26591101,1,SNP flanking,REVERSE,155,20,61.6,55,4,1,CGGAGGATACCCAGGTTTTG,,,,,
415,gnl|dbSNP|rsNW_022589724.1_26628274,1,SNP flanking,FORWARD,37,20,60.35,55,3,0,TGCTGCTCTGCCTACTTGTG,91,200,200,4,0
416,gnl|dbSNP|rsNW_022589724.1_26628274,1,SNP flanking,REVERSE,127,20,59.57,45,7,3,GCTTCCCCCAAAGTCTTTTT,,,,,
417,gnl|dbSNP|rsNW_022589724.1_26705861,1,SNP flanking,FORWARD,72,20,59.26,55,3,0,ACTCCATCTTCAGCCTCCAC,70,200,200,5,3
418,gnl|dbSNP|rsNW_022589724.1_26705861,1,SNP flanking,REVERSE,141,20,59.65,50,4,0,TCCTCGATGGTCTTGAGGTT,,,,,
419,gnl|dbSNP|rsNW_022589724.1_27503762,1,SNP flanking,FORWARD,62,20,59.56,55,2,1,GTTCTCCGCCCTATTGTGTC,89,200,200,4,3
420,gnl|dbSNP|rsNW_022589724.1_27503762,1,SNP flanking,REVERSE,150,20,59.99,50,7,3,TGTGGCAAATCTGACAGAGC,,,,,
421,gnl|dbSNP|rsNW_022589724.1_27844702,1,SNP flanking,FORWARD,70,20,58.87,60,3,3,GGTCCTCCTACACCCACTGT,96,200,200,3,1
422,gnl|dbSNP|rsNW_022589724.1_27844702,1,SNP flanking,REVERSE,165,21,59.73,47.62,4,2,TCACCTGTCTCATGCAATACG,,,,,
423,gnl|dbSNP|rsNW_022589724.1_28333553,1,SNP flanking,FORWARD,64,20,60.25,50,4,1,AGACGAAAAGGGAAGCTGGT,67,200,200,5,3
424,gnl|dbSNP|rsNW_022589724.1_28333553,1,SNP flanking,REVERSE,130,20,62.5,60,3,2,AGCCTGACCCAGATGTCCAC,,,,,
425,gnl|dbSNP|rsNW_022589724.1_28681065,1,SNP flanking,FORWARD,62,20,60.32,60,5,3,GTCTGGGCTGGAGTGACTGT,73,200,200,6,2
426,gnl|dbSNP|rsNW_022589724.1_28681065,1,SNP flanking,REVERSE,134,20,60.79,60,2,1,AGGGACAAGGAGAGCCAGAC,,,,,
427,gnl|dbSNP|rsNW_022589724.1_28742593,1,SNP flanking,FORWARD,38,22,58.63,45.45,2,0,CCGTTGAGTGTCTTGTTTATCC,100,200,200,6,3
428,gnl|dbSNP|rsNW_022589724.1_28742593,1,SNP flanking,REVERSE,137,23,58.99,39.13,5,2,AAAACCACTCTCAGAAACAAAGC,,,,,
429,gnl|dbSNP|rsNW_022589724.1_28922344,1,SNP flanking,FORWARD,75,20,59.96,50,3,2,CTCTTGGGATGAAGCAAAGC,74,200,200,5,3
430,gnl|dbSNP|rsNW_022589724.1_28922344,1,SNP flanking,REVERSE,148,20,60.62,55,4,1,CATGGGTGGCAGCTTATCTC,,,,,
431,gnl|dbSNP|rsNW_022589724.1_29333748,1,SNP flanking,FORWARD,34,20,60.93,55,6,0,TGGAACCAGATCTCCACACC,99,200,200,3,1
432,gnl|dbSNP|rsNW_022589724.1_29333748,1,SNP flanking,REVERSE,132,20,59.31,55,3,3,CGTTGACCACACTCCTGAAG,,,,,
433,gnl|dbSNP|rsNW_022589724.1_29502204,1,SNP flanking,FORWARD,61,20,61.87,60,4,1,CTTTCTCCACCCACCTGGAC,76,200,200,5,1
434,gnl|dbSNP|rsNW_022589724.1_29502204,1,SNP flanking,REVERSE,136,20,59.89,55,4,2,TCAGGTATCGGGACATCCTC,,,,,
435,gnl|dbSNP|rsNW_022589724.1_30077058,1,SNP flanking,FORWARD,37,20,60.15,60,4,2,CCAGCCTCCACTAGCTTCAG,84,200,200,6,1
436,gnl|dbSNP|rsNW_022589724.1_30077058,1,SNP flanking,REVERSE,120,20,59.98,55,7,2,GCCAGAGGCTCTATGCAAAC,,,,,
437,gnl|dbSNP|rsNW_022589724.1_30190416,1,SNP flanking,FORWARD,77,20,61.64,55,4,0,CACTGGGGCCACCTTTTTAC,91,200,200,4,0
438,gnl|dbSNP|rsNW_022589724.1_30190416,1,SNP flanking,REVERSE,167,20,59.21,55,3,0,CCCTTAGCCTTGTGTGACCT,,,,,
439,gnl|dbSNP|rsNW_022589724.1_30619197,1,SNP flanking,FORWARD,43,20,59.84,50,4,1,TCTGTCCAGCAACGAACATC,81,200,200,4,2
440,gnl|dbSNP|rsNW_022589724.1_30619197,1,SNP flanking,REVERSE,123,20,60.55,55,4,0,GGGAACCGTGTTGAGAAGTG,,,,,
441,gnl|dbSNP|rsNW_022589724.1_30624651,1,SNP flanking,FORWARD,55,21,59.43,47.62,6,0,AAGGAAGGAAATCCTGACACC,81,200,200,5,1
442,gnl|dbSNP|rsNW_022589724.1_30624651,1,SNP flanking,REVERSE,135,20,59.85,50,2,0,CTCGTCCTTTTGCTGTTTCC,,,,,
443,gnl|dbSNP|rsNW_022589724.1_30684233,1,SNP flanking,FORWARD,71,20,59.8,55,4,1,CGAGAGTTCTGGGGATTCAG,63,200,200,6,3
444,gnl|dbSNP|rsNW_022589724.1_30684233,1,SNP flanking,REVERSE,133,20,59.21,55,6,2,GAGCTCATGTCACCCAGATG,,,,,
445,gnl|dbSNP|rsNW_022589724.1_30820466,1,SNP flanking,FORWARD,72,20,59.71,55,5,2,GAGGATCGCTGTGCTTCTCT,62,200,200,5,2
446,gnl|dbSNP|rsNW_022589724.1_30820466,1,SNP flanking,REVERSE,133,20,59.5,45,4,1,TTAACCCCGAAGATCCAGAA,,,,,
447,gnl|dbSNP|rsNW_022589724.1_30995560,1,SNP flanking,FORWARD,56,20,58.91,55,2,0,CTGCTCTGCTTCGTTCACTC,96,200,200,4,1
448,gnl|dbSNP|rsNW_022589724.1_30995560,1,SNP flanking,REVERSE,151,20,60.4,55,3,1,GACCAAAACCAGGGACACAG,,,,,
449,gnl|dbSNP|rsNW_022589724.1_31019264,1,SNP flanking,FORWARD,67,20,60.18,55,5,0,GTGTAGGGCCTGCTGTTTGT,79,200,200,4,2
450,gnl|dbSNP|rsNW_022589724.1_31019264,1,SNP flanking,REVERSE,145,20,60.83,60,5,3,CTGGAGGGAGCATCACTGAC,,,,,
451,gnl|dbSNP|rsNW_022589724.1_31331735,1,SNP flanking,FORWARD,76,20,59.94,55,5,1,TCTAAGAGACAGCCCCAGGA,62,200,200,4,1
452,gnl|dbSNP|rsNW_022589724.1_31331735,1,SNP flanking,REVERSE,137,20,59.72,60,6,0,GTCCCAAGCTCTGGTGTAGG,,,,,
453,gnl|dbSNP|rsNW_022589724.1_31365771,1,SNP flanking,FORWARD,62,20,61.12,60,8,2,TGACAGGGTACCGAGTCCAG,73,200,200,3,0
454,gnl|dbSNP|rsNW_022589724.1_31365771,1,SNP flanking,REVERSE,134,20,59.55,50,5,0,AAGTCTTTGGGGAGGAAAGG,,,,,
455,gnl|dbSNP|rsNW_022589724.1_31456888,1,SNP flanking,FORWARD,76,20,60.55,55,4,0,CCCTGCACATTCTCTGCTCT,86,200,200,4,1
456,gnl|dbSNP|rsNW_022589724.1_31456888,1,SNP flanking,REVERSE,161,20,60.87,60,6,3,CTCGAGGGGGTAAAGGTCAC,,,,,
457,gnl|dbSNP|rsNW_022589724.1_31589483,1,SNP flanking,FORWARD,73,20,59.84,55,4,2,CAGGGCCATTCTGTAAGAGC,60,200,200,3,1
458,gnl|dbSNP|rsNW_022589724.1_31589483,1,SNP flanking,REVERSE,132,20,59.96,55,5,1,TGGAAGGTAACCAGGTGAGG,,,,,
459,gnl|dbSNP|rsNW_022589724.1_32058737,1,SNP flanking,FORWARD,69,20,62.99,60,5,3,CCCCGTTTCAGACAGACTGG,83,200,200,6,0
460,gnl|dbSNP|rsNW_022589724.1_32058737,1,SNP flanking,REVERSE,151,20,60.4,55,7,0,CCCTCTAATAAGGGGCAGGA,,,,,
461,gnl|dbSNP|rsNW_022589724.1_32058870,1,SNP flanking,FORWARD,49,20,60.11,50,4,1,AAACAAGCCCACAGATCCAG,73,200,200,5,1
462,gnl|dbSNP|rsNW_022589724.1_32058870,1,SNP flanking,REVERSE,121,20,62.5,60,4,2,CCTGGGCAGAGACCATCCTA,,,,,
463,gnl|dbSNP|rsNW_022589724.1_32315441,1,SNP flanking,FORWARD,58,20,60.25,55,3,1,CAGCACCCAGAACCCTAAGA,73,200,200,3,0
464,gnl|dbSNP|rsNW_022589724.1_32315441,1,SNP flanking,REVERSE,130,20,58.65,50,6,2,GCAAGTTTCAGCAGAACCAG,,,,,
465,gnl|dbSNP|rsNW_022589724.1_32396506,1,SNP flanking,FORWARD,67,20,59.58,55,3,3,GCATCTTGTGCTGGACTGAG,85,200,200,4,1
466,gnl|dbSNP|rsNW_022589724.1_32396506,1,SNP flanking,REVERSE,151,20,59.23,50,4,2,TCTGAGGTTTCAGGTGGACA,,,,,
467,gnl|dbSNP|rsNW_022589724.1_32434647,1,SNP flanking,FORWARD,32,20,59.09,50,4,2,CATCCCGTTTCACAGATGAG,91,200,200,6,3
468,gnl|dbSNP|rsNW_022589724.1_32434647,1,SNP flanking,REVERSE,122,20,59.68,60,4,0,CTCCCACCTGTGTTCCTCTC,,,,,
469,gnl|dbSNP|rsNW_022589725.1_1331182,1,SNP flanking,FORWARD,52,20,60.53,55,4,0,ACTGGCATCTAGTGGGTGGA,100,200,200,3,3
470,gnl|dbSNP|rsNW_022589725.1_1331182,1,SNP flanking,REVERSE,151,20,60.9,45,6,3,ATCAACATTTTGGGCTGCAC,,,,,
471,gnl|dbSNP|rsNW_022589725.1_1647836,1,SNP flanking,FORWARD,30,20,60.11,55,3,2,GACCTGTGCTCCTGGGTTTA,98,200,200,4,2
472,gnl|dbSNP|rsNW_022589725.1_1647836,1,SNP flanking,REVERSE,127,23,59.18,39.13,2,2,AAATAAATCTCTCTCCCCAAAGC,,,,,
473,gnl|dbSNP|rsNW_022589725.1_4280641,1,SNP flanking,FORWARD,76,21,60.07,52.38,8,2,TCTTGTGCCTACTGCAGTCCT,76,200,200,6,3
474,gnl|dbSNP|rsNW_022589725.1_4280641,1,SNP flanking,REVERSE,151,20,59.11,45,4,2,TGACTCCAGGTTTTGGAACA,,,,,
475,gnl|dbSNP|rsNW_022589725.1_6360580,1,SNP flanking,FORWARD,61,20,61.17,60,5,2,GTCCAGCACGAAGAGCTGTC,78,200,200,4,1
476,gnl|dbSNP|rsNW_022589725.1_6360580,1,SNP flanking,REVERSE,138,20,60.5,55,3,3,CCTTGTCCCACCTCAATCAG,,,,,
477,gnl|dbSNP|rsNW_022589725.1_7378228,1,SNP flanking,FORWARD,49,20,60.25,50,4,1,ACGAAGGGCACTCTTTGATG,73,200,200,4,0
478,gnl|dbSNP|rsNW_022589725.1_7378228,1,SNP flanking,REVERSE,121,20,62.66,60,6,2,GTCCCTGAGCTGTGGGCTTA,,,,,
479,gnl|dbSNP|rsNW_022589725.1_7538298,1,SNP flanking,FORWARD,58,20,60.19,45,5,1,TTTTGTGGCCCATAGGATGT,88,200,200,6,0
480,gnl|dbSNP|rsNW_022589725.1_7538298,1,SNP flanking,REVERSE,145,20,59.58,55,4,1,GTGCATCTGTGGGTGTGAGT,,,,,
481,gnl|dbSNP|rsNW_022589725.1_7795511,1,SNP flanking,FORWARD,67,20,59.66,50,4,3,AAGGGTAGGGGCCGATATTA,74,200,200,3,1
482,gnl|dbSNP|rsNW_022589725.1_7795511,1,SNP flanking,REVERSE,140,20,59.84,50,6,0,TGACTTTGGGCAAGTCCTCT,,,,,
483,gnl|dbSNP|rsNW_022589725.1_8117146,1,SNP flanking,FORWARD,52,20,60.23,55,6,3,CCAGAACTGGGAAGGTCTCA,78,200,200,5,3
484,gnl|dbSNP|rsNW_022589725.1_8117146,1,SNP flanking,REVERSE,129,20,60.01,60,4,1,GTGGGGATCTTCTCCTCCTC,,,,,
485,gnl|dbSNP|rsNW_022589725.1_9504753,1,SNP flanking,FORWARD,72,20,59.86,50,2,1,CACCAAAACCTTCACCCTGT,72,200,200,4,1
486,gnl|dbSNP|rsNW_022589725.1_9504753,1,SNP flanking,REVERSE,143,20,59.13,35,4,0,TTGAAAACATTGCCCAAGAA,,,,,
487,gnl|dbSNP|rsNW_022589725.1_9602398,1,SNP flanking,FORWARD,74,21,59.46,47.62,4,1,TTCTGTTCTCCTTTGCACTCC,99,200,200,3,0
488,gnl|dbSNP|rsNW_022589725.1_9602398,1,SNP flanking,REVERSE,172,20,61.8,55,6,2,ACCATCTGGGCTCAGGGTTA,,,,,
489,gnl|dbSNP|rsNW_022589725.1_9651381,1,SNP flanking,FORWARD,41,20,62.75,55,6,2,GATTCGAACTTGGGGCTCCT,97,200,200,4,2
490,gnl|dbSNP|rsNW_022589725.1_9651381,1,SNP flanking,REVERSE,137,20,61.04,55,3,3,TAACCCCTATGCTGCCACAG,,,,,
491,gnl|dbSNP|rsNW_022589725.1_9912727,1,SNP flanking,FORWARD,57,20,60.01,55,5,0,TGCAGGGGCTCTGAGTAGTT,65,200,200,3,2
492,gnl|dbSNP|rsNW_022589725.1_9912727,1,SNP flanking,REVERSE,121,20,59.82,55,5,0,ATCCAGGACCTCCGTAACCT,,,,,
493,gnl|dbSNP|rsNW_022589725.1_10273595,1,SNP flanking,FORWARD,40,20,58.69,55,5,0,CCCTAGCATCATCCTTCTCC,90,200,200,4,3
494,gnl|dbSNP|rsNW_022589725.1_10273595,1,SNP flanking,REVERSE,129,20,59.16,55,2,2,AGTGGAGTGAGGGGCTTATG,,,,,
495,gnl|dbSNP|rsNW_022589725.1_10284692,1,SNP flanking,FORWARD,76,20,60.57,55,3,2,GGCTCCCCTTTCCTACAGAA,85,200,200,4,1
496,gnl|dbSNP|rsNW_022589725.1_10284692,1,SNP flanking,REVERSE,160,20,59.95,60,5,0,AGGTGCCTCCTTCTCTCTCC,,,,,
497,gnl|dbSNP|rsNW_022589725.1_12052427,1,SNP flanking,FORWARD,70,20,58.41,55,3,2,GCTCCTGACCCTTCTCTCAT,82,200,200,5,3
498,gnl|dbSNP|rsNW_022589725.1_12052427,1,SNP flanking,REVERSE,151,20,58.43,50,3,1,GGAGTGGATGATGAAGACCA,,,,,
499,gnl|dbSNP|rsNW_022589725.1_12453099,1,SNP flanking,FORWARD,67,21,60.22,57.14,5,3,GGGCTTATCCTCCTCTGAGTG,85,200,200,7,3
500,gnl|dbSNP|rsNW_022589725.1_12453099,1,SNP flanking,REVERSE,151,20,60.44,55,3,0,ACTGAGACGAGCCCACAAAG,,,,,
501,gnl|dbSNP|rsNW_022589725.1_14152960,1,SNP flanking,FORWARD,74,20,59.96,50,4,1,CCCTGCAATACCGAGAATGT,56,200,200,4,3
502,gnl|dbSNP|rsNW_022589725.1_14152960,1,SNP flanking,REVERSE,129,20,61.01,60,4,1,GACTGCCCAGGACTTTAGGG,,,,,
503,gnl|dbSNP|rsNW_022589725.1_14195346,1,SNP flanking,FORWARD,59,20,60.85,60,2,0,GTGGGGGCTTCTACATCTCC,83,200,200,3,0
504,gnl|dbSNP|rsNW_022589725.1_14195346,1,SNP flanking,REVERSE,141,20,60.86,55,5,3,TGGGCAGGACTCACTCTTGT,,,,,
505,gnl|dbSNP|rsNW_022589725.1_14531092,1,SNP flanking,FORWARD,70,21,58.83,57.14,4,2,GGATACAGGTCTGCCTACTCG,82,200,200,5,0
506,gnl|dbSNP|rsNW_022589725.1_14531092,1,SNP flanking,REVERSE,151,20,59.82,50,3,1,CCAGAAACCCTGTGGTCATT,,,,,
507,gnl|dbSNP|rsNW_022589725.1_14664918,1,SNP flanking,FORWARD,56,20,59.08,60,8,3,CCTCCTCTGAGCTCATCTCC,73,200,200,5,3
508,gnl|dbSNP|rsNW_022589725.1_14664918,1,SNP flanking,REVERSE,128,20,62.89,55,3,0,CTGTTGCCTTGGGAGGTTTG,,,,,
509,gnl|dbSNP|rsNW_022589725.1_14665057,1,SNP flanking,FORWARD,66,20,59.7,55,5,1,CCAAGTGTCACCTCCTCACA,76,200,200,3,0
510,gnl|dbSNP|rsNW_022589725.1_14665057,1,SNP flanking,REVERSE,141,21,57.8,38.1,4,0,ACAATGCAGAAAACAAACAGG,,,,,
511,gnl|dbSNP|rsNW_022589725.1_14776977,1,SNP flanking,FORWARD,50,20,59.9,55,3,2,CGTGCCTGTGTCCTTAGTCA,77,200,200,5,3
512,gnl|dbSNP|rsNW_022589725.1_14776977,1,SNP flanking,REVERSE,126,20,60.62,60,5,2,AGTGACTGCCTGCCTACAGC,,,,,
513,gnl|dbSNP|rsNW_022589725.1_15382768,1,SNP flanking,FORWARD,72,20,60.8,50,3,3,AGCCATTTCCGAGACTGTGA,97,200,200,5,1
514,gnl|dbSNP|rsNW_022589725.1_15382768,1,SNP flanking,REVERSE,168,20,59.88,45,8,1,TGATGGCCATACATCCAAGA,,,,,
515,gnl|dbSNP|rsNW_022589725.1_15404654,1,SNP flanking,FORWARD,46,20,59.26,50,4,1,TCCAGCTCCCTCCAATAAAG,100,200,200,4,3
516,gnl|dbSNP|rsNW_022589725.1_15404654,1,SNP flanking,REVERSE,145,21,58.79,47.62,7,3,GGCCCTCTGGCTAATTTAGTT,,,,,
517,gnl|dbSNP|rsNW_022589725.1_15417268,1,SNP flanking,FORWARD,76,20,60.88,50,6,2,GAGGCTTGGAAGCGAAGTTT,100,200,200,4,1
518,gnl|dbSNP|rsNW_022589725.1_15417268,1,SNP flanking,REVERSE,175,20,60.78,55,4,0,ACGGTGGTAGCTGTGTGCTT,,,,,
519,gnl|dbSNP|rsNW_022589725.1_15718888,1,SNP flanking,FORWARD,42,20,61.08,50,2,0,AGCGAGGGAACGGATAGAAA,98,200,200,4,3
520,gnl|dbSNP|rsNW_022589725.1_15718888,1,SNP flanking,REVERSE,139,20,60.05,45,3,2,TTCCTGGTTCAAATCCTTGC,,,,,
521,gnl|dbSNP|rsNW_022589725.1_15840472,1,SNP flanking,FORWARD,59,20,58.89,55,5,0,TACCTGGTTCCTGCTCCTCT,98,200,200,4,1
522,gnl|dbSNP|rsNW_022589725.1_15840472,1,SNP flanking,REVERSE,156,21,60.12,57.14,4,0,GAAGCTAACTCACCCCAGACC,,,,,
523,gnl|dbSNP|rsNW_022589725.1_16234482,1,SNP flanking,FORWARD,74,22,59.24,50,3,0,GATGGGAACAGTAACACACACC,97,200,200,4,2
524,gnl|dbSNP|rsNW_022589725.1_16234482,1,SNP flanking,REVERSE,170,20,59.83,45,6,1,GGTGGCCATTAAGTTGCATT,,,,,
525,gnl|dbSNP|rsNW_022589725.1_16566959,1,SNP flanking,FORWARD,50,20,60.98,60,6,1,CCTACTTGCAGGAGGCTGTG,90,200,200,5,1
526,gnl|dbSNP|rsNW_022589725.1_16566959,1,SNP flanking,REVERSE,139,20,59.3,50,8,2,CATACAGGCCTTTGATGCTG,,,,,
527,gnl|dbSNP|rsNW_022589725.1_16567099,1,SNP flanking,FORWARD,77,20,59.26,55,8,2,AACAGAGACCTCTGGCATCC,73,200,200,6,3
528,gnl|dbSNP|rsNW_022589725.1_16567099,1,SNP flanking,REVERSE,149,20,60.2,50,4,1,TTCCATTCCAGAAGCCAGTC,,,,,
529,gnl|dbSNP|rsNW_022589725.1_20897793,1,SNP flanking,FORWARD,49,21,60.58,52.38,4,2,GCTGGGAACTAGGGAAGATCA,77,200,200,7,1
530,gnl|dbSNP|rsNW_022589725.1_20897793,1,SNP flanking,REVERSE,125,20,59.68,60,3,0,CCTCTCCAGTTCCAGTGTCC,,,,,
531,gnl|dbSNP|rsNW_022589725.1_22470268,1,SNP flanking,FORWARD,68,21,59.56,47.62,5,2,AGGGTGATCTCAACTTGTCCA,76,200,200,4,0
532,gnl|dbSNP|rsNW_022589725.1_22470268,1,SNP flanking,REVERSE,143,20,59.07,50,7,2,CCACTGCCAGTTTTAGCAGA,,,,,
533,gnl|dbSNP|rsNW_022589725.1_22639043,1,SNP flanking,FORWARD,75,23,60.68,43.48,4,1,TGACACTTTCTAGGCAAAACCTG,72,200,200,5,2
534,gnl|dbSNP|rsNW_022589725.1_22639043,1,SNP flanking,REVERSE,146,20,58.86,60,4,1,CAGAGAGCTGCCACAGAGAC,,,,,
535,gnl|dbSNP|rsNW_022589725.1_29324721,1,SNP flanking,FORWARD,54,21,60.01,52.38,4,1,TTTGTGGAGGGTGTCTAGTGG,77,200,200,5,1
536,gnl|dbSNP|rsNW_022589725.1_29324721,1,SNP flanking,REVERSE,130,20,60.84,55,4,2,ACGTACCAACACCAGGATGC,,,,,
537,gnl|dbSNP|rsNW_022589725.1_29408454,1,SNP flanking,FORWARD,66,22,59.88,54.55,6,2,CAGCACAGTGTCTAGAGCGAGT,78,200,200,4,0
538,gnl|dbSNP|rsNW_022589725.1_29408454,1,SNP flanking,REVERSE,143,20,60.14,50,7,3,GTTCTGCAGCAAAAGCCTTC,,,,,
539,gnl|dbSNP|rsNW_022589725.1_36294801,1,SNP flanking,FORWARD,80,20,59.16,50,3,0,TGTCCATACTTGTGCGTGTG,74,200,200,2,0
540,gnl|dbSNP|rsNW_022589725.1_36294801,1,SNP flanking,REVERSE,153,20,61.29,60,3,2,CTTCTCTGCCCTGTGCTCTG,,,,,
541,gnl|dbSNP|rsNW_022589725.1_38864748,1,SNP flanking,FORWARD,41,21,59.48,52.38,5,0,CGGACCGAGTTAGAAGAGACA,83,200,200,5,3
542,gnl|dbSNP|rsNW_022589725.1_38864748,1,SNP flanking,REVERSE,123,20,62.16,55,7,2,AATCAACCCGGGGTATCTCC,,,,,
543,gnl|dbSNP|rsNW_022589725.1_38864871,1,SNP flanking,FORWARD,29,20,59.51,55,2,0,CCACCCTCCTCTGTTCATTC,95,200,200,3,0
544,gnl|dbSNP|rsNW_022589725.1_38864871,1,SNP flanking,REVERSE,123,20,60.7,55,4,0,CTGCTCGCACATCTCTTCCT,,,,,
545,gnl|dbSNP|rsNW_022589725.1_39747858,1,SNP flanking,FORWARD,34,20,60.21,50,4,2,GGGAAACCCAATTCAGTGTG,89,200,200,4,3
546,gnl|dbSNP|rsNW_022589725.1_39747858,1,SNP flanking,REVERSE,122,21,57.37,42.86,6,1,AATGGTTGCAGCTGATAGTGT,,,,,
547,gnl|dbSNP|rsNW_022589725.1_41921163,1,SNP flanking,FORWARD,31,20,59.97,50,2,0,GCTGGTGGGATGTTCTGTTT,98,200,200,5,1
548,gnl|dbSNP|rsNW_022589725.1_41921163,1,SNP flanking,REVERSE,128,20,60.16,50,6,2,AAGCCAAGCAGATGCTCAGT,,,,,
549,gnl|dbSNP|rsNW_022589725.1_42357971,1,SNP flanking,FORWARD,80,20,60.15,55,6,2,CTAAGTTCCGAAGCGCTCAC,75,200,200,5,1
550,gnl|dbSNP|rsNW_022589725.1_42357971,1,SNP flanking,REVERSE,154,21,58.39,47.62,7,3,CCCTAAAGCCCTTGTCAAGTA,,,,,
551,gnl|dbSNP|rsNW_022589725.1_43101394,1,SNP flanking,FORWARD,73,20,58.82,55,4,2,CCTGGGTATCTCCCACATCT,78,200,200,6,1
552,gnl|dbSNP|rsNW_022589725.1_43101394,1,SNP flanking,REVERSE,150,20,59.7,55,4,0,TAGACTCCATGTGGCCTGTG,,,,,
553,gnl|dbSNP|rsNW_022589725.1_43109748,1,SNP flanking,FORWARD,70,20,59.71,50,7,2,CCCATGTTTAAGACGGGTGT,70,200,200,4,2
554,gnl|dbSNP|rsNW_022589725.1_43109748,1,SNP flanking,REVERSE,139,20,60.53,55,4,2,CAGTTGGAGAGCTGGCCTTA,,,,,
555,gnl|dbSNP|rsNW_022589725.1_43238585,1,SNP flanking,FORWARD,76,21,58.17,47.62,8,2,TGAAGCAGATCTGGTCTTGAG,99,200,200,5,2
556,gnl|dbSNP|rsNW_022589725.1_43238585,1,SNP flanking,REVERSE,174,20,62.62,60,8,2,ACTCCCCTGCAGGACATCTG,,,,,
557,gnl|dbSNP|rsNW_022589726.1_8508475,1,SNP flanking,FORWARD,69,21,59.76,47.62,3,0,TTCCCCAGATAGTGATGGATG,61,200,200,3,1
558,gnl|dbSNP|rsNW_022589726.1_8508475,1,SNP flanking,REVERSE,129,20,58.93,45,4,3,CAAAAACTTCCCCCAAGTGT,,,,,
559,gnl|dbSNP|rsNW_022589726.1_8579077,1,SNP flanking,FORWARD,57,20,60.1,50,3,1,AAGTAGCCTGGGAAGCCATT,74,200,200,5,2
560,gnl|dbSNP|rsNW_022589726.1_8579077,1,SNP flanking,REVERSE,130,21,59.5,52.38,5,3,TGACTGCTGCTTCTCTGAGTG,,,,,
561,gnl|dbSNP|rsNW_022589726.1_8638122,1,SNP flanking,FORWARD,67,20,59.99,60,2,1,GTTCCCTCTCTCGCTGTGTC,83,200,200,4,0
562,gnl|dbSNP|rsNW_022589726.1_8638122,1,SNP flanking,REVERSE,149,20,60.74,50,3,0,ATGGGGACCTGTAGCGTTTT,,,,,
563,gnl|dbSNP|rsNW_022589726.1_9232238,1,SNP flanking,FORWARD,65,20,60.26,50,3,0,GGGCTTCTGCTGTCATTTGT,95,200,200,4,2
564,gnl|dbSNP|rsNW_022589726.1_9232238,1,SNP flanking,REVERSE,159,20,60.02,55,5,1,TCATACGCACTGAGGCTGAC,,,,,
565,gnl|dbSNP|rsNW_022589726.1_14311539,1,SNP flanking,FORWARD,46,20,59.84,60,3,0,GGTGAACTCCCACTCTGCTC,75,200,200,4,1
566,gnl|dbSNP|rsNW_022589726.1_14311539,1,SNP flanking,REVERSE,120,20,60.26,55,5,2,ATGGCTGAGACTCCCAAGTG,,,,,
567,gnl|dbSNP|rsNW_022589726.1_14444781,1,SNP flanking,FORWARD,76,20,59.84,50,5,1,TCTTGCGATGACACTCAACC,98,200,200,4,1
568,gnl|dbSNP|rsNW_022589726.1_14444781,1,SNP flanking,REVERSE,173,20,60.2,55,4,2,GGCCCGACTCTATATCAGCA,,,,,
569,gnl|dbSNP|rsNW_022589726.1_14784752,1,SNP flanking,FORWARD,64,20,60.2,50,3,3,ACTGAGGTGTTGTTGGCACA,71,200,200,4,3
570,gnl|dbSNP|rsNW_022589726.1_14784752,1,SNP flanking,REVERSE,134,20,59.34,50,3,1,TCGGATGAGGAGAACTGTGA,,,,,
571,gnl|dbSNP|rsNW_022589726.1_15197993,1,SNP flanking,FORWARD,77,23,57.95,43.48,2,2,TTTGAGTGAGAGAGAGAGAATGC,91,200,200,4,1
572,gnl|dbSNP|rsNW_022589726.1_15197993,1,SNP flanking,REVERSE,167,20,59.71,55,4,3,ACTGAGCCCCACATCAGACT,,,,,
573,gnl|dbSNP|rsNW_022589726.1_15562549,1,SNP flanking,FORWARD,73,20,60.4,50,6,2,CAGGATGCAGCTTTTCCTGT,75,200,200,5,1
574,gnl|dbSNP|rsNW_022589726.1_15562549,1,SNP flanking,REVERSE,147,20,61.05,55,3,2,CCAGCATCAGTGGGGTTCTA,,,,,
575,gnl|dbSNP|rsNW_022589726.1_17400591,1,SNP flanking,FORWARD,52,20,60.05,50,3,2,CCCCCACTAAAACAGGGAAT,78,200,200,4,1
576,gnl|dbSNP|rsNW_022589726.1_17400591,1,SNP flanking,REVERSE,129,20,60,50,4,0,TACGTGACTCCCACAAACCA,,,,,
577,gnl|dbSNP|rsNW_022589726.1_18053484,1,SNP flanking,FORWARD,63,20,58.33,55,2,0,AGGTGGGTTGTAGTGTGTGG,88,200,200,4,1
578,gnl|dbSNP|rsNW_022589726.1_18053484,1,SNP flanking,REVERSE,150,20,60.18,50,5,2,TTGCTTGAGTCTTGCACAGG,,,,,
579,gnl|dbSNP|rsNW_022589726.1_18819312,1,SNP flanking,FORWARD,40,20,60.44,50,3,2,AGAAGGAGGGGTTTGAATGC,99,200,200,3,1
580,gnl|dbSNP|rsNW_022589726.1_18819312,1,SNP flanking,REVERSE,138,20,58.72,50,5,0,ACACTGTGAAGCCTGATTGG,,,,,
581,gnl|dbSNP|rsNW_022589726.1_18936515,1,SNP flanking,FORWARD,59,20,61.67,55,4,2,GGACACTTTGCGGATGTCTG,88,200,200,5,1
582,gnl|dbSNP|rsNW_022589726.1_18936515,1,SNP flanking,REVERSE,146,20,62.27,60,8,3,ACACACGTGTCTCGGGTGAG,,,,,
583,gnl|dbSNP|rsNW_022589726.1_19713588,1,SNP flanking,FORWARD,75,20,60.01,60,4,1,GGGAGGGATCAGAGAAGTCC,89,200,200,3,2
584,gnl|dbSNP|rsNW_022589726.1_19713588,1,SNP flanking,REVERSE,163,20,60.04,50,1,0,AGGAAGGAGGGAAACAGGAA,,,,,
585,gnl|dbSNP|rsNW_022589728.1_6444905,1,SNP flanking,FORWARD,37,20,62.71,60,6,3,AAGATCTGGACCGGGGACTC,95,200,200,3,1
586,gnl|dbSNP|rsNW_022589728.1_6444905,1,SNP flanking,REVERSE,131,20,60.43,60,6,0,CAGCTGGTTCTCTCGCTCTC,,,,,
587,gnl|dbSNP|rsNW_022589728.1_12232691,1,SNP flanking,FORWARD,74,20,61.18,65,2,0,CTCACTCTGCCCTCCCCTAC,81,200,200,5,2
588,gnl|dbSNP|rsNW_022589728.1_12232691,1,SNP flanking,REVERSE,154,20,60.22,55,8,1,ACCAGGATGCATCAGAGAGG,,,,,
589,gnl|dbSNP|rsNW_022589728.1_14008753,1,SNP flanking,FORWARD,66,20,58.8,50,4,2,GCTTACGTGCCAAGGTGATA,92,200,200,4,2
590,gnl|dbSNP|rsNW_022589728.1_14008753,1,SNP flanking,REVERSE,157,20,60.66,55,4,3,CAGTGTGGGAAGCTGGAATC,,,,,
591,gnl|dbSNP|rsNW_022589728.1_16980579,1,SNP flanking,FORWARD,67,20,60.51,55,6,1,CACTGGCAGCTGTGACAAAC,79,200,200,5,2
592,gnl|dbSNP|rsNW_022589728.1_16980579,1,SNP flanking,REVERSE,145,20,59.72,50,4,2,CTTGTCTTCCCATGTGCGTA,,,,,
593,gnl|dbSNP|rsNW_022589728.1_23389083,1,SNP flanking,FORWARD,40,20,60.5,45,4,2,TTTGCTGTTTGGCCCTGTAT,100,200,200,4,2
594,gnl|dbSNP|rsNW_022589728.1_23389083,1,SNP flanking,REVERSE,139,21,57.46,52.38,7,1,GTCTGAGCACAAGTTGTAGGG,,,,,
595,gnl|dbSNP|rsNW_022589728.1_29342360,1,SNP flanking,FORWARD,41,22,57.32,36.36,0,0,CTTCCTTCCTTCCTTTCTTTTT,100,200,200,1,0
596,gnl|dbSNP|rsNW_022589728.1_29342360,1,SNP flanking,REVERSE,140,20,60.09,60,2,0,CTGCTTCTCCCTCTCCCTCT,,,,,
597,gnl|dbSNP|rsNW_022589728.1_40678794,1,SNP flanking,FORWARD,69,20,60.05,45,6,3,TGACAATCGGATCCAGTGAA,69,200,200,6,1
598,gnl|dbSNP|rsNW_022589728.1_40678794,1,SNP flanking,REVERSE,137,20,59.57,55,3,0,AGGGGCTACACCGATAGACA,,,,,
599,gnl|dbSNP|rsNW_022589728.1_42639023,1,SNP flanking,FORWARD,68,21,59.18,47.62,3,1,CGTGTCTTTTCCTATCCCAGA,84,200,200,3,0
600,gnl|dbSNP|rsNW_022589728.1_42639023,1,SNP flanking,REVERSE,151,20,59.62,50,4,2,TACAAACGTGGAGCACAACC,,,,,
601,gnl|dbSNP|rsNW_022589728.1_43932959,1,SNP flanking,FORWARD,44,20,60.07,55,2,0,CATTACGGAGGAGAGGGACA,92,200,200,6,2
602,gnl|dbSNP|rsNW_022589728.1_43932959,1,SNP flanking,REVERSE,135,20,59.23,55,5,3,TCTCTTCCTATCCGGGACTG,,,,,
603,gnl|dbSNP|rsNW_022589728.1_43983184,1,SNP flanking,FORWARD,68,20,59.91,50,4,0,TACTGTGCGCTGAACAAACC,58,200,200,4,1
604,gnl|dbSNP|rsNW_022589728.1_43983184,1,SNP flanking,REVERSE,125,20,59.97,50,3,0,AACCTTCCTCCGTGTTGATG,,,,,
605,gnl|dbSNP|rsNW_022589728.1_44235254,1,SNP flanking,FORWARD,62,20,60.41,50,4,3,AGCTGGGATGGATTTTCCTC,91,200,200,4,0
606,gnl|dbSNP|rsNW_022589728.1_44235254,1,SNP flanking,REVERSE,152,20,59.81,50,3,3,CGGGCAATCAGTCTCTTTTC,,,,,
607,gnl|dbSNP|rsNW_022589729.1_99475,1,SNP flanking,FORWARD,33,20,61.33,55,6,2,AAGCTCCTGAGGCCTGACAT,94,200,200,5,2
608,gnl|dbSNP|rsNW_022589729.1_99475,1,SNP flanking,REVERSE,126,20,62.65,60,3,3,CAACACGGGGACACACTCAG,,,,,
609,gnl|dbSNP|rsNW_022589729.1_1016072,1,SNP flanking,FORWARD,60,20,60.22,50,4,2,TCAAAAGTCCCGAGAGGTTG,96,200,200,4,0
610,gnl|dbSNP|rsNW_022589729.1_1016072,1,SNP flanking,REVERSE,155,20,59.57,45,6,0,AATCGTGCTTGCATATGGTG,,,,,
611,gnl|dbSNP|rsNW_022589729.1_2555532,1,SNP flanking,FORWARD,77,20,60.11,55,4,2,GGGAGCTTGTCTGGGTGTTA,62,200,200,5,0
612,gnl|dbSNP|rsNW_022589729.1_2555532,1,SNP flanking,REVERSE,138,20,60.15,60,6,2,CCTTACTGGGAGCTCTGCTG,,,,,
613,gnl|dbSNP|rsNW_022589729.1_4329357,1,SNP flanking,FORWARD,48,20,59.62,45,6,2,GCACGCGTTCATTGTGTTAT,75,200,200,4,1
614,gnl|dbSNP|rsNW_022589729.1_4329357,1,SNP flanking,REVERSE,122,20,60.82,55,6,2,ACTGGCCATGAGGACAGCTA,,,,,
615,gnl|dbSNP|rsNW_022589729.1_5676387,1,SNP flanking,FORWARD,48,20,60.71,60,2,2,CCGTAGCACAGGACAAGACC,80,200,200,4,3
616,gnl|dbSNP|rsNW_022589729.1_5676387,1,SNP flanking,REVERSE,127,20,59.84,50,5,3,TGGGCTTCCTTTCAGTCTGT,,,,,
617,gnl|dbSNP|rsNW_022589729.1_6547542,1,SNP flanking,FORWARD,54,20,60.07,40,5,0,TCAGCATGGCAATACCAAAA,73,200,200,6,1
618,gnl|dbSNP|rsNW_022589729.1_6547542,1,SNP flanking,REVERSE,126,20,59.02,45,3,0,TGCCATAAACCTTCCTTTCC,,,,,
619,gnl|dbSNP|rsNW_022589729.1_18847914,1,SNP flanking,FORWARD,76,20,60.34,45,3,0,CATTGTTGCCCTGAAAAACC,72,200,200,5,0
620,gnl|dbSNP|rsNW_022589729.1_18847914,1,SNP flanking,REVERSE,147,20,61.15,60,4,0,CCTGAGCTGAAGGCAGACAC,,,,,
621,gnl|dbSNP|rsNW_022589729.1_19072053,1,SNP flanking,FORWARD,52,20,61.65,55,6,2,TCAGATCTCAGGGCTGCAAG,83,200,200,5,2
622,gnl|dbSNP|rsNW_022589729.1_19072053,1,SNP flanking,REVERSE,134,20,59.29,50,4,0,TGTTCTAGTGCAGGGTTGGA,,,,,
623,gnl|dbSNP|rsNW_022589729.1_19209736,1,SNP flanking,FORWARD,50,20,59.5,50,4,0,TTGGATCAGCAGTGAGAGGA,78,200,200,5,3
624,gnl|dbSNP|rsNW_022589729.1_19209736,1,SNP flanking,REVERSE,127,20,62.09,60,6,0,CCTGCTTGGCCACTTCCTAC,,,,,
625,gnl|dbSNP|rsNW_022589729.1_19321270,1,SNP flanking,FORWARD,37,20,62.98,60,4,3,CTGGTTCCATCTCCGTGAGG,98,200,200,7,2
626,gnl|dbSNP|rsNW_022589729.1_19321270,1,SNP flanking,REVERSE,134,20,58.9,55,3,2,GATGTGGGAGAGAGGACCAT,,,,,
627,gnl|dbSNP|rsNW_022589729.1_19340116,1,SNP flanking,FORWARD,23,20,62.82,60,4,3,CAGGCCAGTTAGCAGCACCT,100,200,200,4,3
628,gnl|dbSNP|rsNW_022589729.1_19340116,1,SNP flanking,REVERSE,122,20,61.43,55,7,3,AATGGGAGTCTTCCCAGTGC,,,,,
629,gnl|dbSNP|rsNW_022589729.1_20382429,1,SNP flanking,FORWARD,68,21,59.96,57.14,3,0,GGCTGAGGAGGTTAGAGGAGA,89,200,200,8,3
630,gnl|dbSNP|rsNW_022589729.1_20382429,1,SNP flanking,REVERSE,156,20,60.63,55,4,0,ACCCACCTCAGCTTTCCTTC,,,,,
631,gnl|dbSNP|rsNW_022589729.1_20457109,1,SNP flanking,FORWARD,59,20,60.33,55,2,0,ACCTGTTCCCCTGTGTGTGT,97,200,200,4,1
632,gnl|dbSNP|rsNW_022589729.1_20457109,1,SNP flanking,REVERSE,155,20,62.06,60,4,2,AGGCTGTGAGCGAACTCTCC,,,,,
633,gnl|dbSNP|rsNW_022589729.1_22164009,1,SNP flanking,FORWARD,47,20,60.39,55,4,2,TCCCTGGTCAGTTCTTCAGC,91,200,200,5,3
634,gnl|dbSNP|rsNW_022589729.1_22164009,1,SNP flanking,REVERSE,137,20,62.8,55,5,1,GTAGATGGCGGGCATTGAAG,,,,,
635,gnl|dbSNP|rsNW_022589729.1_22479288,1,SNP flanking,FORWARD,70,20,60.42,50,3,3,TGTGTTGTTCCCATCAGTGG,53,200,200,4,1
636,gnl|dbSNP|rsNW_022589729.1_22479288,1,SNP flanking,REVERSE,122,20,59.62,55,7,2,GCAGTCTGCACTTGAACCTG,,,,,
637,gnl|dbSNP|rsNW_022589729.1_22718635,1,SNP flanking,FORWARD,67,20,58.77,55,8,2,GCAGAGAAGCTCCTCAGGTT,66,200,200,6,2
638,gnl|dbSNP|rsNW_022589729.1_22718635,1,SNP flanking,REVERSE,132,20,60.11,55,8,0,GACCTGCAGGGTTAGTGGAA,,,,,
639,gnl|dbSNP|rsNW_022589729.1_23188771,1,SNP flanking,FORWARD,67,20,60.14,50,4,2,TCTTGCAGCTCTTCACATGG,79,200,200,4,2
640,gnl|dbSNP|rsNW_022589729.1_23188771,1,SNP flanking,REVERSE,145,20,60.23,55,5,3,TGGGGAAAGGTCACTGAGAG,,,,,
641,gnl|dbSNP|rsNW_022589729.1_23455986,1,SNP flanking,FORWARD,48,21,60.14,47.62,4,1,TCAGGCTCTTACTGAGGCAAA,79,200,200,2,0
642,gnl|dbSNP|rsNW_022589729.1_23455986,1,SNP flanking,REVERSE,126,20,59.86,40,4,0,AAACAATGGTGGCAAACACA,,,,,
643,gnl|dbSNP|rsNW_022589729.1_26525760,1,SNP flanking,FORWARD,58,20,59.84,50,4,2,AGAGGGGAGCACAAAGTTGA,78,200,200,4,0
644,gnl|dbSNP|rsNW_022589729.1_26525760,1,SNP flanking,REVERSE,135,20,59.55,50,5,0,AGACATGAGTTGGCATGTGG,,,,,
645,gnl|dbSNP|rsNW_022589730.1_418538,1,SNP flanking,FORWARD,75,20,62.72,55,5,2,TGGTGCAGTGCCACGTAACT,86,200,200,4,1
646,gnl|dbSNP|rsNW_022589730.1_418538,1,SNP flanking,REVERSE,160,20,59.58,50,4,0,AAATGACCTGGAGGCTGTGT,,,,,
647,gnl|dbSNP|rsNW_022589730.1_509203,1,SNP flanking,FORWARD,49,20,60.12,55,6,2,CGATTCTGCTAGCGACTTCC,93,200,200,3,1
648,gnl|dbSNP|rsNW_022589730.1_509203,1,SNP flanking,REVERSE,141,20,60.41,50,4,0,CAGCCATGTTTGCATGAGAG,,,,,
649,gnl|dbSNP|rsNW_022589730.1_700785,1,SNP flanking,FORWARD,64,20,60.28,60,8,2,GTGAGGCTCTGGAGAGCAAG,74,200,200,4,0
650,gnl|dbSNP|rsNW_022589730.1_700785,1,SNP flanking,REVERSE,137,23,59.12,43.48,4,1,TGAGGAGAGAAGTGTTGACAGAA,,,,,
651,gnl|dbSNP|rsNW_022589730.1_773268,1,SNP flanking,FORWARD,61,20,60.82,55,4,0,CAAGGTGTGCAAGAGGGAAG,97,200,200,4,0
652,gnl|dbSNP|rsNW_022589730.1_773268,1,SNP flanking,REVERSE,157,20,61.78,55,6,0,ATAGGATCCAGACCCCAGCA,,,,,
653,gnl|dbSNP|rsNW_022589730.1_997329,1,SNP flanking,FORWARD,61,20,59.81,50,3,1,TGGTGGGGACACAGACATAA,96,200,200,4,2
654,gnl|dbSNP|rsNW_022589730.1_997329,1,SNP flanking,REVERSE,156,20,59.09,50,4,2,AAGTCACAGCCAGCAGTTTG,,,,,
655,gnl|dbSNP|rsNW_022589730.1_1295884,1,SNP flanking,FORWARD,50,20,61.02,60,5,3,GCCTCAAGACCTGTCAGTGC,100,200,200,5,2
656,gnl|dbSNP|rsNW_022589730.1_1295884,1,SNP flanking,REVERSE,149,22,57.32,45.45,4,3,ACTGAAGCTGAGTGTGCATAAG,,,,,
657,gnl|dbSNP|rsNW_022589730.1_2465050,1,SNP flanking,FORWARD,41,20,59.99,50,4,2,AAAGGAGAGCAGGACGTTCA,96,200,200,4,3
658,gnl|dbSNP|rsNW_022589730.1_2465050,1,SNP flanking,REVERSE,136,20,60.39,55,2,1,AGAAGCCGAGACCAGAACCT,,,,,
659,gnl|dbSNP|rsNW_022589730.1_2595766,1,SNP flanking,FORWARD,63,20,59.06,45,3,0,TGGAGAATGAGGGTGACAAA,81,200,200,5,3
660,gnl|dbSNP|rsNW_022589730.1_2595766,1,SNP flanking,REVERSE,143,20,59.7,55,5,3,CCACAGGTGTCTTCCTGTCA,,,,,
661,gnl|dbSNP|rsNW_022589730.1_2804874,1,SNP flanking,FORWARD,65,20,60.11,50,4,2,AGCCAGGGAAACAAGTTCCT,82,200,200,4,1
662,gnl|dbSNP|rsNW_022589730.1_2804874,1,SNP flanking,REVERSE,146,20,61.71,60,3,1,GGTGCCAAGGGTAAGTGTCC,,,,,
663,gnl|dbSNP|rsNW_022589730.1_2900104,1,SNP flanking,FORWARD,57,20,62.41,50,3,3,ACTGTTGGTGGGCAATGTCA,96,200,200,3,0
664,gnl|dbSNP|rsNW_022589730.1_2900104,1,SNP flanking,REVERSE,152,20,60.94,55,5,2,TGTAACCCTCACTGGGTTCG,,,,,
665,gnl|dbSNP|rsNW_022589730.1_3156647,1,SNP flanking,FORWARD,48,20,59.42,55,4,1,CACTTGCCCCTAGAAGAGGA,92,200,200,3,1
666,gnl|dbSNP|rsNW_022589730.1_3156647,1,SNP flanking,REVERSE,139,20,59.13,50,3,2,AAAGCCTAACTGCCTGCCTA,,,,,
667,gnl|dbSNP|rsNW_022589730.1_3848164,1,SNP flanking,FORWARD,62,20,60.15,55,7,3,AAACCTGGTCCAGTGTCTCG,90,200,200,6,3
668,gnl|dbSNP|rsNW_022589730.1_3848164,1,SNP flanking,REVERSE,151,21,60.38,42.86,8,1,GCTCATTTGCAACTGGAGAAA,,,,,
669,gnl|dbSNP|rsNW_022589730.1_4527488,1,SNP flanking,FORWARD,54,20,59.6,55,3,3,CTCGGCTGTCAAAGGAGTCT,97,200,200,6,3
670,gnl|dbSNP|rsNW_022589730.1_4527488,1,SNP flanking,REVERSE,150,20,59.84,55,4,1,CTTCGACTCCCCTCAAACAG,,,,,
671,gnl|dbSNP|rsNW_022589730.1_4530895,1,SNP flanking,FORWARD,54,21,59.66,52.38,3,3,AGACCAAGTGAAGACGCTCAG,75,200,200,4,3
672,gnl|dbSNP|rsNW_022589730.1_4530895,1,SNP flanking,REVERSE,128,20,59.99,55,6,0,TCTGTGCACTCCCTCCTTCT,,,,,
673,gnl|dbSNP|rsNW_022589730.1_5526235,1,SNP flanking,FORWARD,60,20,59.99,55,4,0,ACTGCAACAGGGGAGAGAGA,74,200,200,4,3
674,gnl|dbSNP|rsNW_022589730.1_5526235,1,SNP flanking,REVERSE,133,20,59.6,55,7,1,GCAGGTCCTGAGCTTTCACT,,,,,
675,gnl|dbSNP|rsNW_022589730.1_11663774,1,SNP flanking,FORWARD,69,20,60.26,60,4,2,GGCCTCACTCTGTGGACCTA,74,200,200,4,1
676,gnl|dbSNP|rsNW_022589730.1_11663774,1,SNP flanking,REVERSE,142,20,60.27,50,4,0,CGCAGTATGGCTTTCCTGTT,,,,,
677,gnl|dbSNP|rsNW_022589730.1_13366935,1,SNP flanking,FORWARD,52,20,58.83,50,5,3,CGACATGAATCAGAGCAGGT,74,200,200,4,3
678,gnl|dbSNP|rsNW_022589730.1_13366935,1,SNP flanking,REVERSE,125,20,60.29,55,3,3,GGTAGGGGCTCATCCTTGAT,,,,,
679,gnl|dbSNP|rsNW_022589730.1_13426275,1,SNP flanking,FORWARD,43,20,59.11,50,3,3,TTTTCCCCCTCTGTTGACTC,91,200,200,3,3
680,gnl|dbSNP|rsNW_022589730.1_13426275,1,SNP flanking,REVERSE,133,20,60.09,40,4,3,TGCACCTTTGTTGGATTGAA,,,,,
681,gnl|dbSNP|rsNW_022589730.1_13903490,1,SNP flanking,FORWARD,52,21,60.08,47.62,2,2,TCCACTCCAAATCCTGCTATG,76,200,200,8,1
682,gnl|dbSNP|rsNW_022589730.1_13903490,1,SNP flanking,REVERSE,127,20,59.27,40,2,0,TGATTTGTTGTGGGGTTTTG,,,,,
683,gnl|dbSNP|rsNW_022589730.1_16742755,1,SNP flanking,FORWARD,60,20,59.78,50,4,2,GAATCTTGGGCATTCAGCTC,91,200,200,4,1
684,gnl|dbSNP|rsNW_022589730.1_16742755,1,SNP flanking,REVERSE,150,20,60.37,50,4,0,CCTGCAAAGGTCAGGAGAAA,,,,,
685,gnl|dbSNP|rsNW_022589730.1_16804144,1,SNP flanking,FORWARD,66,20,60.16,55,6,1,AGGCCTCTTGTCAACACCAC,84,200,200,4,2
686,gnl|dbSNP|rsNW_022589730.1_16804144,1,SNP flanking,REVERSE,149,20,58.8,50,5,2,CACGGTAGGCTTCGTGATTA,,,,,
687,gnl|dbSNP|rsNW_022589730.1_16932834,1,SNP flanking,FORWARD,50,20,59.3,45,3,1,AACGCAGCATACCATCTGAA,75,200,200,4,1
688,gnl|dbSNP|rsNW_022589730.1_16932834,1,SNP flanking,REVERSE,124,20,59.68,55,3,0,TCTCAGTCCCTGTCCCTTGT,,,,,
689,gnl|dbSNP|rsNW_022589730.1_17457221,1,SNP flanking,FORWARD,71,20,59.68,60,2,1,CTGGGTGAGTGAAGGGAGAC,63,200,200,4,3
690,gnl|dbSNP|rsNW_022589730.1_17457221,1,SNP flanking,REVERSE,133,20,60.11,50,5,0,CAGCCTGACATTTCCCACTT,,,,,
