"MarkerName","V2","V3","V4","V5","V6","V7","V8"
"NW_022593180.1_1705_2","C","A","CATGTAT[A/G]CTCCTGG","CATGTAT[A/G]CTCATGG","CTGAACAGATGAGCTCGACA",2.2,0
"NW_022589746.1_1643845","G","A","CTGCAAGGGGTAGTC","CTGCAAGAGGTAGTC","AGGGTTCCTAGGGTCCTCCT",0,0
"NW_022589705.1_51277226","T","C","CTTCTCATGTCACCC","CTTCTCACGTCACCC","CACCCATTCCTCTCCCTACA",0,0
"NW_022589748.1_636682","T","C","CTGCCTTTCTCTCGA","CTGCCTTCCTCTCGA","GAACACGGAACTGAGGCAAG",0,0
"NW_022589704.1_108315098","T","C","CTCCTGGTGCTGTCC","CTCCTGGCGCTGTCC","CAACACTGGTCTGCACTGCT",0,0
"NW_022589759.1_4926162","A","G","CAGTGGCAATGTGGG","CAGTGGCGATGTGGG","CGGTGATGCTCCTGTATGCTA",0,0
"NW_022589734.1_4183726","T","C","TTAGAACTGATAAAA","TTAGAACCGATAAAA","GCTGGAGTGTGTTTTTGTGG",0,0
"NW_022589784.1_2349899","A","G","TGCAGGGAGGAGAGG","TGCAGGGGGGAGAGG","AGACCCACCTTACGGGATTC",0,0
"NW_022589705.1_97387384","C","T","CTGGCTGCTGGAGGA","CTGGCTGTTGGAGGA","TTGTCTTTGTTACGGCCACA",0,0
"NW_022589737.1_4419568","G","A","GATGATCGGGCCGGG","GATGATCAGGCCGGG","AGGAGCACTCACTGGTAGCC",0,0
"NW_022589766.1_3931876","T","C","CCAGCACTGTACACA","CCAGCACCGTACACA","CGTCTTCCCTAGACCCAGTG",0,0
"NW_022589753.1_2948585","C","G","CTCTGGGCACACAAG","CTCTGGGGACACAAG","GCTCTGAGTGTGTCCAGCAG",0,0
"NW_022589788.1_1156004","C","T","CCACAGACGAGAATC","CCACAGATGAGAATC","TCTCTGAAATCCCCAAGTGC",0.4,0
"NW_022589722.1_34659502","C","T","CAACTGAC[A/G]AGACAT","CAACTGAT[A/G]AGACAT","GGAAGAGGAGAGGACCACAA",0,0.6
"SRY","T","T","CTCCGTGACAGTCCAGAAACCT","CTCCGTGACAGTCCAGAAACCT","CCAACTCGCTGCTGCAACAGGA",0,0
"NW_022589704.1_3118832","T","C","GGAACCATGTGGGCT","GGAACCACGTGGGCT","CGAATCAGCAACAGTTGACC",0,0
"NW_022589732.1_4664273","T","C","ATGCCTCT[T/C]TATTGC","ATGCCTCC[T/C]TATTGC","CAGCCACCACACCTGACTAT",0,0
"NW_022589743.1_23776205","C","A","CAGGGCTC[C/A]CTGACT","CAGGGCTA[C/A]CTGACT","CCCACATATGCCACCTCTTT",0.4,0
"NW_022594564.1_431","A","T","CCTGCCCACC[A/C]TCCT","CCTGCCCTCC[A/C]TCCT","GGGCATTTCAATGCTTGGAC",0,1.1
"NW_022589731.1_19501024","T","C","TCTACTGTGGGTTAG","TCTACTGCGGGTTAG","AACCACACACAGCATTGTCC",0,0
"NW_022589731.1_2645774","G","T","GGAGCATGGGGATTC","GGAGCATTGGGATTC","TCTTTGGTCAAGGGATACGC",0,0
"NW_022589740.1_7910098","T","C","GGTGCACTGGCTCAG","GGTGCACCGGCTCAG","ACACGAATGATGCTGTGAGC",0,0.35
"NW_022589734.1_6683302","G","A","CTCAGAGGCCCTCTT","CTCAGAGACCCTCTT","CACAGACAGCACCCCAGTTG",0,0
"NW_022589737.1_1089531","C","T","CCAGCACCGACTTTT","CCAGCACTGACTTTT","GATTCAGATTAGTGCCCAGCA",0,0
"NW_022589753.1_350677","T","C","TCTGGGTTAGAGGGC","TCTGGGTCAGAGGGC","TCCCAAGTTCAGAGAGCTGAG",0,0
"NW_022589733.1_9809599","A","G","GGAGAACATGTGTGC","GGAGAACGTGTGTGC","ACCCCAATGACTACGTGGAA",0,0
"NW_022589704.1_64758645","C","G","TAACCTGCCAGTTAT","TAACCTGGCAGTTAT","GAATGAAGCCTGCATAACCTG",0,0
"NW_022589733.1_7187181","A","G","AAAGCTCACTCCTGC","AAAGCTCGCTCCTGC","CCTCCTAAGAGGGGACTCCA",0.5,0
"NW_022589740.1_2571199","T","C","CATTGGCTG[C/G]ACTCT","CATTGGCCG[C/G]ACTCT","ACCACACATGCAGTCTCTCG",0.5,0
"NW_022589748.1_4098542","C","G","CTTCACACGACCCTC","CTTCACAGGACCCTC","GGTATGGCCAGTTTCCTTCA",0,0
"NW_022589750.1_9823611","T","C","AAGGACGTGGATCCC","AAGGACGCGGATCCC","ATTCAGCAGGTTGGAACAGG",0,0
"NW_022589771.1_2336816","A","C","CCCCGTGAAGAGCAG","CCCCGTGCAGAGCAG","TAGCATGGCTCCATCTTTGG",0,0
"NW_022589722.1_32800850","C","T","AAGGGCTCT[T/C]ATCTA","AAGGGCTTT[T/C]ATCTA","CCTCACTGGGTTCTGGGTTT",0,0
"NW_022589785.1_4405685","G","A","ACCGAAAGTCTCACC","ACCGAAAATCTCACC","TCACCCTTATCGGGATCGTA",0,0
"NW_022589773.1_2635595","T","C","GAGATTATGTGATAT","GAGATTACGTGATAT","TCTCCATGTTAGAGAATGCCTTT",0,0
"NW_022589744.1_12308316","A","C","CCTTCCTAGGAGCGT","CCTTCCTCGGAGCGT","AGAGTGCCGAGCTCCCTTAG",0,0
"NW_022589705.1_84272029","C","T","AACGTCCCGATATGA","AACGTCCTGATATGA","CACCTCTGCCATGTGCTAAA",0,0
"NW_022589748.1_7775121","T","C","CAGAAGATGGAAAGC","CAGAAGACGGAAAGC","GACACAAGGTCATCCTAACAGC",0,0
"NW_022589732.1_10888700","C","T","TTCAGGCCGGGTGCT","TTCAGGCTGGGTGCT","TGCCTCTGGGACTGAGATTC",0,0
"NW_022589705.1_51924496","T","G","CTTCAAATCCCCTGG","CTTCAAAGCCCCTGG","CCTATGGCGCTTCATACCTT",0,0
"NW_022589705.1_12542394","T","A","AGAGTTTTAAAGCCA","AGAGTTTAAAAGCCA","GCCCTGATACAAGAATGCAGA",0,0
"NW_022589744.1_15294223","C","T","CAGCTGACGCTGTAG","CAGCTGATGCTGTAG","GGCTGCCTTGTGAGTCTTTC",0,0
"NW_022589741.1_1077334","T","C","TGTTCCATAGAATGA","TGTTCCACAGAATGA","CTTGGGCTTTTCCAGCATAG",0,0
"NW_022589741.1_16624898","T","C","CAGAGCCTCTT[T/C]GCT","CAGAGCCCCTT[T/C]GCT","GACCTGCAGGGCACAGTACA",0,0
"ZFX","G","G","CTGGTCTGAAAACTTCATT","CTGGTCTGAAAACTTCATT","AGAGCAACCCTGTCATAAAGAGAAC",0,0
"NW_022589731.1_20902073","T","C","GACAAGATGAGGAGT","GACAAGACGAGGAGT","CCAGTGAAGCTCCCTAGCAC",0,0
"NW_022589744.1_10484174","T","C","AGCACTCTGCGACCA","AGCACTCCGCGACCA","CTGGGGACACCAGGAACTGT",0,0
"NW_022589734.1_20980339","G","A","TCAGGGGGACTTAGT","TCAGGGGAACTTAGT","TTTAGGGGAAGAGGCTTTGC",0,0
"NW_022589743.1_3281835","T","C","GACCAGGTGCTGATT","GACCAGGCGCTGATT","TGGTAGGCCCACTCTGAGAC",0,0
"NW_022589749.1_4346801","G","A","ATCCCCCGTGAGCTC","ATCCCCCATGAGCTC","GGCTCACTCGAGCTCACTTC",0.5,0
"NW_022589746.1_5298650","A","C","GTTCTTAATCTAACT","GTTCTTACTCTAACT","GGAGCAGGGAGGCTACAGTT",0,0.58
"NW_022589756.1_8772132","C","G","TCTTCCCCGCATTCT","TCTTCCCGGCATTCT","ACGTTTGCCTGGTTTTTACG",0,0
"NW_022589705.1_88495848","A","T","AGAAAAGACTATCAA","AGAAAAGTCTATCAA","GCCAGTGGCTTTAAGACAGG",0,0
"NW_022589704.1_6076434","C","T","GCACCTGCGAATGTT","GCACCTGTGAATGTT","AGCAAGCAGTGGTGGTTCTT",0,0
"NW_022589705.1_96109252","G","A","CAAACGGGATCTCCA","CAAACGGAATCTCCA","GTGTCGGAACTTCACTGCTG",0,0
"NW_022589745.1_14837244","G","A","CCCCGACGGTTCTTT","CCCCGACAGTTCTTT","TTCTTGGTCTCAGCACGATG",0.35,0
"NW_022589731.1_2797979","T","C","GGTACTCTGGAGAAG","GGTACTCCGGAGAAG","GGACCTACCGAATTCCTTCC",0,0
"NW_022589736.1_13460239","T","G","TAAACATTGCCAGGG","TAAACATGGCCAGGG","GTGGGCCTTCAGTAAGGTTG",0,0.3
"NW_022589748.1_3433670","C","G","CATCTCGCGGCGGAT","CATCTCGGGGCGGAT","CCAGTTGTTTTGCCTTTGCT",0,0
"NW_022589708.1_70281874","A","C","GGTCCGCAGCTCGGG","GGTCCGCCGCTCGGG","GCTAAGGGTGAATGCAGGTC",0,0
"NW_022589704.1_60174653","G","A","TGAGCAAGTGTGTAT","TGAGCAAATGTGTAT","AGGCCCTTCCACCTTTTACA",0,0
"NW_022589766.1_3943897","G","A","CACACGCGTGTGAAG","CACACGCATGTGAAG","CACACACGGATTTACACATGG",0,0
"NW_022589743.1_4363316","T","C","GGAGTTGTGGGGGGC","GGAGTTGCGGGGGGC","GAATTTTCCGAACCCTGGAG",0,0
"NW_022589746.1_6437824","C","T","AGGGCTCCGTGCAAG","AGGGCTCTGTGCAAG","GGAGATTAGGCCCAAGACAG",0,0
"NW_022589736.1_5127472","T","C","ACCCACCTGTCCCAG","ACCCACCCGTCCCAG","ACTGCCTGTCTTTGCTCGAC",0.2,0
"NW_022589709.1_72844646","C","T","ACGGATGCGGATTAC","ACGGATGTGGATTAC","GGTTGTCATGGGTCCTGAAC",0,0
"NW_022589705.1_99535569","G","A","GAGGCAGGACCTCCA","GAGGCAGAACCTCCA","AAGGGCCTTAAGCTGCAGAG",0,0
"NW_022589768.1_7053599","A","C","TTTTTTAAATTTTTA","TTTTTTACATTTTTA","GGCAAGAGGATAGTTGCCTTC",0,0.6
"NW_022589771.1_3068843","T","C","TTGCCTCTGTTTTTG","TTGCCTCCGTTTTTG","GCCTCTGAAATACGGACCTG",0,0
"NW_022589783.1_4566516","C","T","TCTGGCCCCACCCTG","TCTGGCCTCACCCTG","GGTTCTCCTGGGGAAGCATA",0,0
"NW_022589705.1_77398279","T","C","AATTAACTGCCCCAG","AATTAACCGCCCCAG","AGTGAAGGTGAGTCCCAAGG",0,0
"NW_022589753.1_1417388","C","T","GGGAGCCCGTGTCCC","GGGAGCCTGTGTCCC","ACAGGGACCAAGACGAGGTT",0,0
"NW_022589771.1_3251437","A","G","CAACAGTATGATCTC","CAACAGTGTGATCTC","AGAAACAATTAGCGCCATGC",0,0
"NW_022589705.1_83098873","A","G","GGAAGGGAGGAGGCT","GGAAGGGGGGAGGCT","CAACGAAGGACAAGACGTAGC",0,0
"NW_022589737.1_8177453","C","G","GCAGACTCTTTTTCC","GCAGACTGTTTTTCC","CCTTTCGACAATGTGTGCAT",0,0
"NW_022589769.1_2544388","G","A","ACACTGCGTCTACCC","ACACTGCATCTACCC","AAAAATCCTACCTCTTAACTCATCC",0,0
"NW_022589759.1_6538668","G","T","GACGACGG[A/T]GATTCC","GACGACGT[A/T]GATTCC","ACAAAGCTCCATGAGGCAAC",0,0.4
"NW_022589755.1_6492043","C","T","CTTTACTCGGCTCGA","CTTTACTTGGCTCGA","CACGGCTCTCAGCACTTTACT",0,0
"NW_022589745.1_6750030","A","C","CTGCCTTACACCCCC","CTGCCTTCCACCCCC","GGGCCCATCTGTGTTTACTG",0,0
"NW_022589731.1_19779680","G","T","GAACTGTGCTGGCAG","GAACTGTTCTGGCAG","GGGCCCTTCTAAGGATGTTG",0.3,0
"NW_022589705.1_97444246","C","T","TTGGCATCTGTATGG","TTGGCATTTGTATGG","GTCTCGCAGTGAGGATGTTG",0,0.1
"NW_022589705.1_91137169","T","C","CCTTTCTTAGCAGCC","CCTTTCTCAGCAGCC","AGGATGCCCTCCAAGATGAT",0,0
"NW_022589755.1_3812737","G","T","CCCTGCAGGC[G/A]TGGG","CCCTGCATGC[G/A]TGGG","TTCCTCTGGGGATGTCTCTG",0,0
"NW_022589756.1_9381734","C","T","ACAACGGCGGCCCAC","ACAACGGTGGCCCAC","TTGATGCCTCCTAGACAGTTCA",0,0
"NW_022589704.1_673829","G","C","GCTTACAGAGTCCAG","GCTTACACAGTCCAG","CCAAGCTGCTCTACGCTTAC",0,0
"NW_022589744.1_3223339","T","C","TATGCTGTTGATCTT","TATGCTGCTGATCTT","TCAGGGATTTTCCATACAGTTC",0,0
"NW_022589759.1_7204686","C","A","TTGCCCCCACGGGGC","TTGCCCCAACGGGGC","AGAGGCATGTTACCCCAGTG",0.6,0
"NW_022589785.1_176443","C","T","GTACACTCGGGAACA","GTACACTTGGGAACA","CCGGACTTGAGCCAGAATTT",0,0
"NW_022589731.1_25881771","T","C","CCTGACTTC[T/C]TTCAG","CCTGACTCC[T/C]TTCAG","AGGGAACACTCAAGGTGACG",0,0
"NW_022589759.1_3279906","G","C","GCCTTTTGGTTTAGG","GCCTTTTCGTTTAGG","AGCCAAGAAGTCTGCCTCAC",0,0
"NW_022589736.1_1587093","G","C","CATGCTGGGAACACA","CATGCTGCGAACACA","TGGTTAATGTATTGCCCACAA",0,0
"NW_022589744.1_9417594","C","T","CTCGCTACGCTCTTT","CTCGCTATGCTCTTT","CAACATTTCTAGACTTGGCACCT",0,0
"NW_022589745.1_11211840","T","C","CTGTCACTCATGTGC","CTGTCACCCATGTGC","TGGAGTCCAAAGCAATTTCA",0,0
"NW_022589783.1_4566743","A","G","CTTGCTAAGGCTCGA","CTTGCTAGGGCTCGA","GGACCATCGCTAAACCAGAA",0.5,0
"NW_022589704.1_91276337","G","A","CTGCCACGCACCACC","CTGCCACACACCACC","ATCTCCCCACCATATGAGCA",0,0.2
"NW_022589731.1_19396933","G","A","TCTCGCCGTACTTTC","TCTCGCCATACTTTC","GAACACAGCGAATTCAAGCA",0,0
"NW_022589782.1_5066264","A","C","TGCTTACACTTTTTC","TGCTTACCCTTTTTC","AGACCACGTGTCTCTGTGCTT",0,0
"NW_022589731.1_397611","A","G","AGAGCCCAGAAGGTT","AGAGCCCGGAAGGTT","GCAGAGTGCAACTCCAGCTT",0,0
"NW_022589708.1_54919705","G","C","CGGTTTGGGATTTTT","CGGTTTGCGATTTTT","GCATTTTTGCTTCCTAAATGCT",0,0
"NW_022589736.1_294866","C","T","TGCCACTCC[A/C]ATTTT","TGCCACTTC[A/C]ATTTT","AAGGAAGCCAGGGTCTGAAT",0,0
"NW_022589771.1_5806959","G","A","CGCCTGGGCAGGTTA","CGCCTGGACAGGTTA","CCTCCTGATGAGGGATGAAG",0,0.12
"NW_022589782.1_6166342","A","G","ATTCTGAAGGCTTTG","ATTCTGAGGGCTTTG","AGACCCTGCAGGCTTCATAA",0.2,0
"NW_022589768.1_2914243","C","T","AGTATTACGTTGTGA","AGTATTATGTTGTGA","CAACCCCATCAAACCTTGTT",0,0
"NW_022589744.1_13184309","G","A","GGTAAGCGTGTGGAC","GGTAAGCATGTGGAC","CTCTCGGGCGGTTAACTTCT",0,0.3
"ZFY","A","A","TGTACCCACAGAGGTGT","TGTACCCACAGAGGTGT","GCAAGCTCCGAGATTAAACCA",0,0
"NW_022589707.1_137364","T","A","CCAGGGCTAGAATAT","CCAGGGCAAGAATAT","GGGAGCGAGAGCTCAAAGTA",0.25,0
"NW_022589705.1_51596801","T","C","AGGTTTTTTTGCTTT","AGGTTTTCTTGCTTT","TGGGAAGCTAGTGAACTGTCC",0,0
"NW_022589706.1_346156","G","A","TGGGACCGTTGCTCT","TGGGACCATTGCTCT","GACCATCACCTCCCTTCTCA",0,0
"NW_022589783.1_3599820","C","T","TTCCCCACGTCAAAA","TTCCCCATGTCAAAA","CAGCATTTTGGCAAGCTCAG",0,0
"NW_022589769.1_6880385","T","A","AAAGCATTAAAAAAA","AAAGCATAAAAAAAA","GGACGTCTGGTTAGCAGGAG",0,0
"NW_022589719.1_33704491","G","A","CTGGGAGGGAGTGTG","CTGGGAGAGAGTGTG","GTGTCCACATCCCAGGATTC",0.35,0
"NW_022589753.1_805689","T","C","AGGGCCATCCGCAGA","AGGGCCACCCGCAGA","AAATGCCATTCTAATCCCGTTA",0,0
"NW_022589730.1_20146925","C","T","TGTACTACGGCCGTC","TGTACTATGGCCGTC","TCCATCCAGCGAAAGTTTTT",0,0
"NW_022589706.1_23005921","T","A","TCTTCATTTTTTTTT","TCTTCATATTTTTTT","CCATGGTGCCAAAACTTCAT",0.15,0
"NW_022589705.1_96492220","C","A","ACTGTTCCTGCAGGT","ACTGTTCATGCAGGT","TTCCTCACTCTCTGGGTCCT",0,0
"NW_022589722.1_33593715","T","C","CTCAGGCTGCCTGCA","CTCAGGCCGCCTGCA","TTCCCACTTGACTTGTGTGTG",0,0
"NW_022589705.1_86924741","G","T","GCCTGCAGGGCTGTG","GCCTGCATGGCTGTG","GGAAAACCTAGGTGGGTTGG",0,0
"NW_022589743.1_10053266","T","G","GGGAGGGTGGGAGGC","GGGAGGGGGGGAGGC","AGAGAGGCTGTGTGATGCAG",0,0
"NW_022589755.1_3254715","C","T","CTCTTAACCCCTACC","CTCTTAATCCCTACC","CCCTAGCCACACGACTCTTC",0,0
"NW_022589704.1_18122236","C","T","CATCAGCCAGCCACA","CATCAGCTAGCCACA","ACAGCCTGGGACCTCTCTTC",0,0
"NW_022589724.1_21227415","C","A","GCCCAGCCCCCCTAA","GCCCAGCACCCCTAA","TGGCCTTGTTCCTCATCTTC",0,0
"NW_022589724.1_23017017","T","G","CCGGGCCTTCTTGGG","CCGGGCCGTCTTGGG","ATGCACTTTCCCATCCAAGA",0,0
"NW_022589745.1_4723194","G","A","TCCTCCCGGCCCTGG","TCCTCCCAGCCCTGG","TTCAGCTCGTTAATGATCCTC",0,0
"NW_022589705.1_92717654","G","T","GCCTGCAGGAGTAGA","GCCTGCATGAGTAGA","AAAGGCAGGTTCCCTGTTCT",0,0
"NW_022589721.1_32838835","T","C","CCCTGGGTTCTCCCA","CCCTGGGCTCTCCCA","GCAGGCAGAGGAGACTTAGC",0,0
"NW_022589743.1_4697651","G","A","GAGCCCAGAGGAAGG","GAGCCCAAAGGAAGG","GCTGGCCTTTTCTCCTTTTC",0,0
"NW_022589744.1_15319590","C","T","GGAATGACTTATTTC","GGAATGATTTATTTC","TGGAGGGTTTTAGGCAGATG",0,0
"NW_022589718.1_10531376","G","A","CTCTCACGGTCACCA","CTCTCACAGTCACCA","GCAGGCCCTTTAAAGACTGG",0,0
"NW_022589711.1_49262562","G","A","CGGTAGCGTAGAGGT","CGGTAGCATAGAGGT","AAAGAGTTCTGCCCGCATAC",0,0
"NW_022589771.1_5752243","T","G","GGGGCGGTGTCACGA","GGGGCGGGGTCACGA","GTAGGGAGCTTGGGGCTTAC",0,0
"NW_022589750.1_1784068","C","G","TCAGGAGCTGGTTGT","TCAGGAGGTGGTTGT","GGAGCGGTTCATAAGGATCA",0,0
"NW_022589725.1_15718888","C","T","GGTGTCCCACAGCTA","GGTGTCCTACAGCTA","AGCGAGGGAACGGATAGAAA",0,0
"NW_022589707.1_13657042","A","G","GGGCCCCACCCCGAG","GGGCCCCGCCCCGAG","CCAGGAACGTGCGTAGGTAT",0,0
"NW_022589723.1_7471296","T","C","ATGCTACTGGCCACT","ATGCTACCGGCCACT","GGCTCAGAAAGGCAATGCTA",0,0
"NW_022589743.1_10246629","T","C","ACTTAACTTCCCTGC","ACTTAACCTCCCTGC","TCACTCTGGTCGCATGACTT",0,0
"NW_022589750.1_1532271","A","C","ATAAATAAATAAATC","ATAAATACATAAATC","TGCTCTCTCCCCCTGAAATA",0,0
